Id,Character
0,66
1,83
2,72
3,77
4,81
5,82
6,97
7,68
8,74
9,72
10,76
11,76
12,66
13,72
14,83
15,64
16,5
17,72
18,76
19,75
20,77
21,78
22,72
23,64
24,87
25,76
26,68
27,79
28,83
29,72
30,68
31,74
32,72
33,83
34,64
35,68
36,82
37,74
38,64
39,74
40,82
41,72
42,77
43,66
44,76
45,68
46,72
47,72
48,72
49,64
50,82
51,77
52,64
53,93
54,82
55,72
56,72
57,77
58,76
59,97
60,77
61,76
62,82
63,68
64,77
65,83
66,83
67,72
68,97
69,66
70,77
71,68
72,76
73,77
74,64
75,83
76,72
77,64
78,68
79,72
80,72
81,76
82,72
83,77
84,76
85,82
86,68
87,83
88,72
89,83
90,66
91,64
92,97
93,66
94,71
95,72
96,78
97,72
98,66
99,64
100,82
101,68
102,77
103,82
104,74
105,72
106,5
107,72
108,77
109,82
110,68
111,83
112,97
113,83
114,66
115,72
116,80
117,64
118,76
119,83
120,72
121,72
122,97
123,80
124,64
125,76
126,72
127,72
128,97
129,66
130,77
131,5
132,72
133,75
134,77
135,82
136,77
137,80
138,83
139,77
140,74
141,72
142,76
143,77
144,68
145,72
146,97
147,78
148,64
149,76
150,82
151,72
152,83
153,74
154,77
155,66
156,64
157,82
158,97
159,64
160,72
161,77
162,68
163,80
164,74
165,64
166,72
167,77
168,83
169,72
170,74
171,72
172,64
173,72
174,76
175,72
176,66
177,75
178,83
179,66
180,74
181,72
182,78
183,64
184,68
185,97
186,83
187,64
188,74
189,72
190,66
191,82
192,72
193,64
194,64
195,76
196,75
197,64
198,76
199,72
200,77
201,77
202,74
203,80
204,68
205,72
206,76
207,66
208,77
209,67
210,72
211,72
212,81
213,72
214,22
215,83
216,74
217,64
218,72
219,76
220,82
221,68
222,83
223,97
224,83
225,66
226,64
227,64
228,72
229,78
230,72
231,97
232,64
233,82
234,68
235,72
236,72
237,82
238,74
239,72
240,72
241,77
242,76
243,72
244,66
245,72
246,97
247,66
248,77
249,5
250,68
251,97
252,66
253,64
254,72
255,78
256,64
257,66
258,64
259,64
260,66
261,64
262,72
263,76
264,77
265,74
266,64
267,82
268,77
269,74
270,82
271,68
272,72
273,80
274,86
275,77
276,77
277,72
278,75
279,77
280,76
281,77
282,83
283,97
284,82
285,72
286,68
287,72
288,77
289,72
290,76
291,76
292,83
293,68
294,76
295,68
296,74
297,64
298,72
299,66
300,68
301,72
302,72
303,83
304,64
305,68
306,72
307,76
308,72
309,68
310,83
311,72
312,83
313,78
314,72
315,72
316,72
317,77
318,64
319,72
320,72
321,72
322,68
323,82
324,82
325,76
326,72
327,68
328,72
329,66
330,78
331,64
332,68
333,64
334,72
335,83
336,82
337,74
338,5
339,86
340,77
341,64
342,76
343,72
344,83
345,72
346,82
347,68
348,68
349,97
350,97
351,72
352,83
353,64
354,77
355,72
356,76
357,72
358,65
359,72
360,68
361,66
362,74
363,68
364,68
365,72
366,83
367,82
368,74
369,5
370,86
371,77
372,64
373,76
374,82
375,68
376,83
377,72
378,83
379,82
380,72
381,66
382,64
383,75
384,68
385,6
386,97
387,64
388,68
389,82
390,68
391,64
392,79
393,83
394,64
395,80
396,7
397,68
398,64
399,68
400,80
401,74
402,64
403,76
404,83
405,64
406,78
407,72
408,72
409,64
410,77
411,79
412,72
413,76
414,77
415,66
416,72
417,74
418,72
419,74
420,72
421,5
422,76
423,77
424,64
425,68
426,77
427,79
428,83
429,72
430,66
431,64
432,77
433,64
434,66
435,82
436,72
437,72
438,76
439,82
440,74
441,64
442,77
443,66
444,64
445,68
446,68
447,66
448,78
449,72
450,66
451,74
452,72
453,72
454,77
455,64
456,74
457,74
458,72
459,5
460,74
461,73
462,64
463,71
464,82
465,77
466,77
467,76
468,6
469,64
470,83
471,72
472,74
473,72
474,77
475,64
476,72
477,64
478,78
479,83
480,81
481,83
482,74
483,72
484,74
485,64
486,82
487,74
488,72
489,5
490,76
491,64
492,76
493,77
494,66
495,83
496,72
497,75
498,77
499,75
500,64
501,70
502,83
503,72
504,74
505,72
506,5
507,72
508,72
509,97
510,74
511,64
512,78
513,64
514,66
515,97
516,72
517,83
518,64
519,64
520,72
521,68
522,64
523,5
524,72
525,76
526,82
527,74
528,72
529,68
530,82
531,72
532,66
533,82
534,75
535,64
536,82
537,64
538,72
539,5
540,93
541,76
542,86
543,72
6412,25
6413,68
6414,74
6415,64
6416,82
6417,66
6418,77
6419,64
6420,71
6421,77
6422,72
6423,64
6424,66
6425,72
6426,77
6427,80
6428,74
6429,64
6430,7
6431,66
6432,97
6433,77
6434,64
6435,80
6436,64
6437,67
6438,68
6439,76
6440,72
6441,80
6442,68
6443,64
6444,77
6445,79
6446,83
6447,36
6448,64
6449,82
6450,72
6451,64
6452,74
6453,64
6454,76
6455,68
6456,80
6457,77
6458,76
6459,76
6460,76
6461,77
6462,67
6463,68
6464,68
6465,68
6466,66
6467,68
6468,82
6469,74
6470,68
6471,72
6472,83
6473,72
6474,74
6475,72
6476,36
6477,36
6478,97
6479,82
6480,87
6481,82
6482,76
6483,80
6484,80
6485,72
6486,76
6487,72
6488,68
6489,66
6490,83
6491,77
6492,74
6493,83
6494,83
6495,72
6496,68
6497,80
6498,64
6499,68
6500,75
6501,64
6502,68
6503,77
6504,7
6505,76
6506,72
6507,68
6508,76
6509,68
6510,79
6511,83
6512,72
6513,5
6514,68
6515,72
6516,76
6517,72
6518,82
6519,76
6520,68
6521,74
6522,64
6523,76
6524,77
6525,82
6526,68
6527,64
6528,76
6529,72
6530,6
6531,76
6532,74
6533,70
6534,72
6535,80
6536,83
6537,76
6538,67
6539,72
6540,77
6541,68
6542,77
6543,5
6544,67
6545,72
6546,5
6547,71
6548,68
6549,64
6550,83
6551,78
6552,77
6553,68
6554,68
6555,76
6556,67
6557,77
6558,68
6559,75
6560,64
6561,76
6562,68
6563,80
6564,64
6565,81
6566,6
6567,64
6568,77
6569,38
6570,72
6571,82
6572,68
6573,68
6574,80
6575,77
6576,97
6577,77
6578,80
6579,72
6580,77
6581,68
6582,5
6583,68
6584,80
6585,66
6586,83
6587,64
6588,74
6589,68
6590,81
6591,68
6592,76
6593,68
6594,72
6595,83
6596,82
6597,74
6598,72
6599,5
6600,66
6601,76
6602,81
6603,71
6604,72
6605,97
6606,64
6607,78
6608,80
6609,68
6610,78
6611,80
6612,97
6613,66
6614,72
6615,77
6616,76
6617,5
6618,97
6619,64
6620,97
6621,68
6622,68
6623,68
6624,70
6625,77
6626,86
6627,68
6628,80
6629,68
6630,82
6631,68
6632,64
6633,81
6634,64
6635,68
6636,74
6637,64
6638,74
6639,72
6640,68
6641,77
6642,64
6643,76
6644,68
6645,80
6646,64
6647,68
6648,81
6649,82
6650,72
6651,68
6652,80
6653,78
6654,77
6655,80
6656,68
6657,64
6658,68
6659,64
6660,80
6661,7
6662,74
6663,77
6664,5
6665,97
6666,70
6667,77
6668,77
6669,82
6670,77
6671,80
6672,77
6673,80
6674,68
6675,72
6676,80
6677,81
6678,83
6679,76
6680,68
6681,72
6682,77
6683,66
6684,76
6685,68
6686,72
6687,77
6688,68
6689,68
6690,64
6691,76
6692,68
6693,74
6694,77
6695,72
6696,77
6697,83
6698,68
6699,77
6700,5
6701,64
6702,77
6703,68
6704,76
6705,72
6706,64
6707,76
6708,72
6709,76
6710,66
6711,68
6712,72
6713,82
6714,66
6715,68
6716,74
6717,64
6718,76
6719,77
6720,82
6721,74
6722,64
6723,77
6724,5
6725,84
6726,64
6727,68
6728,81
6729,77
6730,80
6731,64
6732,67
6733,68
6734,64
6735,80
6736,64
6737,80
6738,5
6739,5
6740,68
6741,74
6742,72
6743,76
6744,77
6745,76
6746,68
6747,79
6748,77
6749,72
6750,64
6751,64
6752,83
6753,72
6754,82
6755,68
6756,72
6757,66
6758,64
6759,72
6760,77
6761,82
6762,72
6763,64
6764,83
6765,5
6766,84
6767,64
6768,68
6769,81
6770,74
6771,64
6772,97
6773,64
6774,74
6775,77
6776,76
6777,83
6778,68
6779,77
6780,72
6781,83
6782,76
6783,80
6784,83
6785,80
6786,64
6787,67
6788,68
6789,79
6790,83
6791,97
6792,80
6793,77
6794,64
6795,64
6796,68
6797,7
6798,97
6799,74
6800,82
6801,68
6802,80
6803,76
6804,76
6805,76
6806,72
6807,77
6808,64
6809,68
6810,76
6811,67
6812,68
6813,5
6814,35
6815,68
6816,68
6817,72
6818,77
6819,74
6820,68
6821,83
6822,76
6823,75
6824,71
6825,72
6826,68
6827,68
6828,76
6829,67
6830,77
6831,81
6832,75
6833,64
6834,76
6835,68
6836,80
6837,64
6838,81
6839,5
6840,64
6841,77
6842,77
6843,80
6844,72
6845,72
6846,81
6847,77
6848,72
6849,77
6850,72
6851,74
6852,64
6853,66
6854,77
6855,97
6856,78
6857,77
6858,97
6859,66
6860,72
6861,77
6862,76
6863,67
6864,68
6865,82
6866,77
6867,67
6868,77
6869,68
6870,68
6871,77
6872,81
6873,84
6874,68
6875,83
6876,68
6877,77
6878,81
6879,77
6880,83
6881,68
6882,71
6883,70
6884,76
6885,72
6886,64
6887,97
6888,64
6889,76
6890,66
6891,76
6892,72
6893,68
6894,82
6895,68
6896,67
6897,77
6898,75
6899,77
6900,83
6901,72
6902,64
6903,68
6904,72
6905,68
6906,77
6907,83
6908,84
6909,7
6910,70
6911,5
6912,83
6913,72
6914,68
6915,68
6916,71
6917,68
6918,64
6919,66
6920,77
6921,82
6922,74
6923,64
6924,80
6925,72
6926,66
6927,64
6928,5
6929,68
6930,97
6931,64
6932,86
6933,64
6934,75
6935,64
6936,80
6937,76
6938,77
6939,5
6940,76
6941,72
6942,68
6943,68
6944,68
21527,74
21528,77
21529,66
21530,68
21531,76
21532,64
21533,68
21534,77
21535,76
21536,68
21537,76
21538,68
21539,76
21540,72
21541,74
21542,72
21543,72
21544,76
21545,82
21546,77
21547,82
21548,68
21549,66
21550,83
21551,72
21552,86
21553,77
21554,72
21555,76
21556,77
21557,83
21558,72
21559,76
21560,68
21561,77
21562,66
21563,68
21564,74
21565,6
21566,82
21567,74
21568,64
21569,74
21570,72
21571,74
21572,72
21573,76
21574,97
21575,97
21576,72
21577,64
21578,24
21579,64
21580,86
21581,78
21582,64
21583,83
21584,77
21585,64
21586,86
21587,76
21588,72
21589,79
21590,83
21591,72
21592,76
21593,82
21594,68
21595,66
21596,71
21597,75
21598,72
21599,80
21600,66
21601,72
21602,72
21603,82
21604,72
21605,87
21606,79
21607,83
21608,68
21609,72
21610,76
21611,79
21612,83
21613,64
21614,74
21615,82
21616,72
21617,76
21618,86
21619,68
21620,66
21621,82
21622,72
21623,76
21624,72
21625,76
21626,72
21627,82
21628,68
21629,82
21630,81
21631,68
21632,66
21633,77
21634,74
21635,82
21636,72
21637,66
21638,64
21639,71
21640,83
21641,64
21642,76
21643,72
21644,76
21645,97
21646,64
21647,76
21648,66
21649,72
21650,77
21651,75
21652,68
21653,7
21654,42
21655,76
21656,72
21657,66
21658,75
21659,77
21660,66
21661,68
21662,82
21663,74
21664,64
21665,74
21666,72
21667,87
21668,79
21669,83
21670,68
21671,86
21672,76
21673,72
21674,66
21675,79
21676,83
21677,72
21678,72
21679,77
21680,82
21681,74
21682,64
21683,86
21684,68
21685,66
21686,77
21687,74
21688,82
21689,72
21690,74
21691,72
21692,87
21693,79
21694,83
21695,68
21696,86
21697,76
21698,82
21699,77
21700,82
21701,68
21702,72
21703,72
21704,86
21705,77
21706,80
21707,86
21708,76
21709,64
21710,82
21711,66
21712,64
21713,76
21714,72
21715,76
21716,72
21717,83
21718,71
21719,82
21720,72
21721,79
21722,83
21723,72
21724,75
21725,72
21726,82
21727,82
21728,64
21729,86
21730,76
21731,72
21732,66
21733,81
21734,78
21735,72
21736,76
21737,79
21738,83
21739,68
21740,86
21741,76
21742,77
21743,66
21744,75
21745,72
21746,86
21747,68
21748,77
21749,82
21750,74
21751,64
21752,75
21753,64
21754,72
21755,82
21756,72
21757,83
21758,80
21759,86
21760,76
21761,64
21762,75
21763,77
21764,82
21765,72
21766,79
21767,83
21768,72
21769,83
21770,72
21771,82
21772,82
21773,64
21774,86
21775,76
21776,72
21777,66
21778,76
21779,77
21780,76
21781,77
21782,79
21783,83
21784,64
21785,66
21786,64
21787,82
21788,68
21789,86
21790,68
21791,66
21792,79
21793,83
21794,72
21795,68
21796,77
21797,68
21798,74
21799,64
21800,86
21801,68
21802,66
21803,77
21804,74
21805,82
21806,72
21807,74
21808,72
21809,64
21810,72
21811,76
21812,82
21813,77
21814,82
21815,68
21816,66
21817,83
21818,72
21819,86
21820,77
21821,19
21822,72
21823,76
21824,72
21825,66
21826,75
21827,77
21828,76
21829,68
21830,78
21831,64
21832,76
21833,82
21834,74
21835,64
21836,93
21837,77
21838,82
21839,74
21840,64
21841,93
21842,64
21843,76
21844,66
21845,68
21846,76
21847,82
21848,68
21849,82
21850,72
21851,64
21852,86
21853,76
21854,72
21855,76
21856,66
21857,72
21858,68
21859,74
21860,72
21861,87
21862,86
21863,76
21864,72
21865,71
21866,83
21867,72
21868,66
21869,78
21870,64
21871,82
21872,87
21873,72
21874,76
21875,66
21876,77
21877,86
21878,76
21879,82
21880,77
21881,82
21882,68
21883,68
21884,77
21885,67
21886,72
21887,77
21888,68
21889,7
21890,40
21891,83
21892,71
21893,66
21894,64
21895,83
21896,72
21897,72
21898,86
21899,83
21900,71
21901,79
21902,83
21903,72
21904,82
21905,97
21906,66
21907,66
21908,71
21909,72
21910,80
21911,83
21912,64
21913,87
21914,79
21915,83
21916,68
21917,72
21918,76
21919,82
21920,68
21921,71
21922,83
21923,64
21924,76
21925,82
21926,72
21927,76
21928,72
21929,82
21930,72
21931,82
21932,77
21933,66
21934,68
21935,76
21936,82
21937,74
21938,64
21939,74
21940,72
21941,87
21942,79
21943,83
21944,68
21945,72
21946,76
21947,82
21948,68
21949,77
21950,78
21951,64
21952,76
21953,19
21954,82
21955,77
21956,66
21957,68
21958,76
21959,86
21960,77
21961,74
21962,74
21963,77
21964,66
21965,64
21966,66
21967,77
21968,78
21969,64
21970,82
21971,72
21972,82
21973,77
21974,75
21975,64
21976,66
21977,71
21978,82
21979,72
21980,87
21981,79
21982,83
21983,68
21984,82
21985,77
21986,66
21987,68
21988,74
21989,72
21990,87
21991,82
21992,72
21993,66
21994,64
21995,82
21996,72
21997,82
21998,77
21999,76
22000,68
22001,78
22002,64
22003,76
22004,77
22005,76
22006,77
22007,82
22008,87
22009,64
22010,80
22011,68
22012,82
22013,72
22014,72
22015,77
22016,76
22017,68
22018,78
22019,64
22020,76
22021,75
22022,64
22023,66
22024,71
22025,82
22026,72
22027,87
22028,79
22029,83
22030,68
22031,86
22032,76
22033,72
22034,82
22035,74
22036,64
22037,82
22038,77
22039,74
22040,82
22041,87
22042,72
22043,76
22044,72
22045,76
22046,82
22047,77
22048,82
22049,68
22050,66
22051,83
22052,86
22053,77
22054,19
22055,86
22056,76
22057,72
22058,82
22059,74
22060,64
22061,86
22062,68
22063,66
22064,64
22065,82
22066,72
22067,74
22068,77
22069,66
22070,64
22071,82
22072,87
22073,72
22074,82
22075,72
22076,66
22077,82
22078,77
22079,76
22080,68
22081,78
22082,64
22083,76
22084,68
22085,72
22086,82
22087,74
22088,64
22089,71
22090,83
22091,72
22092,74
22093,82
22094,72
22095,82
22096,79
22097,83
22098,68
22099,7
22100,94
22101,83
22102,71
22103,82
22104,72
22105,66
22106,82
22107,77
22108,76
22109,68
22110,78
22111,64
22112,83
22113,66
22114,64
22115,71
22116,83
22117,64
22118,74
22119,82
22120,72
22121,87
22122,77
22123,83
22124,68
22125,72
22126,76
22127,64
22128,75
22129,77
22130,79
22131,83
22132,64
22133,82
22134,72
22135,86
22136,72
22137,72
22138,64
22139,75
22140,77
22141,86
22142,68
22143,66
22144,82
22145,74
22146,72
22147,72
22148,83
22149,72
22150,66
22151,71
22152,83
22153,68
22154,74
22155,82
22156,72
22157,76
22158,68
22159,66
22160,72
22161,87
22162,79
22163,76
22164,68
22165,66
22166,64
22167,82
22168,72
22169,78
22170,72
22171,74
22172,6
22173,71
22174,72
22175,64
22176,76
22177,86
22178,76
22179,82
22180,77
22181,82
22182,68
22183,66
22184,83
22185,86
22186,77
22187,77
22188,72
22189,77
22190,77
22191,68
22192,66
22193,64
22194,82
22195,72
22196,75
22197,64
22198,66
22199,72
22200,76
22201,82
22202,72
22203,82
22204,68
22205,71
22206,83
22207,64
22208,66
22209,64
22210,87
22211,66
22212,68
22213,72
22214,76
22215,82
22216,77
22217,82
22218,64
22219,72
22220,83
22221,82
22222,77
22223,76
22224,64
22225,76
22226,72
22227,83
22228,72
22229,82
22230,68
22231,66
22232,71
22233,82
22234,72
22235,79
22236,83
22237,72
22238,87
22239,97
22240,72
22241,77
22242,82
22243,68
22244,86
22245,66
22246,66
22247,83
22248,71
22249,82
22250,64
22251,72
22252,74
22253,82
22254,74
22255,68
22256,86
22257,78
22258,64
22259,75
22260,64
22261,64
22262,86
22263,76
22264,77
22265,77
22266,83
22267,83
22268,83
22269,68
22270,77
22271,68
22272,77
22273,72
22274,77
22275,72
22276,66
22277,74
22278,72
22279,68
22280,76
22281,82
22282,77
22283,82
22284,68
22285,66
22286,83
22287,72
22288,86
22289,77
22290,75
22291,72
22292,77
22293,64
22294,86
22295,76
22296,66
22297,6
22298,68
22299,82
22300,68
22301,6
22302,72
22303,72
22304,72
22305,67
22306,64
22307,77
22308,72
22309,68
29854,64
29855,64
29856,77
29857,72
29858,97
29859,34
29860,76
29861,74
29862,81
29863,77
29864,78
29865,82
29866,72
29867,97
29868,74
29869,77
29870,81
29871,67
29872,72
29873,68
29874,71
29875,68
29876,77
29877,68
29878,69
29879,72
29880,64
29881,67
29882,68
29883,82
29884,68
29885,68
29886,83
29887,80
29888,68
29889,72
29890,67
29891,68
29892,68
29893,83
29894,68
29895,76
29896,68
29897,97
29898,68
29899,67
29900,68
29901,76
29902,77
29903,78
29904,68
29905,68
29906,64
29907,80
29908,68
29909,77
29910,80
29911,64
29912,64
29913,74
29914,68
29915,68
29916,76
29917,82
29918,68
29919,68
29920,78
29921,80
29922,77
29923,68
29924,68
29925,80
29926,72
29927,77
29928,74
29929,68
29930,74
29931,64
29932,68
29933,72
29934,82
29935,70
29936,68
29937,78
29938,80
29939,68
29940,66
29941,72
29942,77
29943,97
29944,64
29945,68
29946,66
29947,77
29948,76
29949,68
29950,97
29951,64
29952,67
29953,68
29954,83
29955,77
29956,66
29957,72
29958,97
29959,64
29960,74
29961,66
29962,64
29963,72
29964,72
29965,64
29966,80
29967,68
29968,64
29969,70
29970,80
29971,64
29972,66
29973,72
29974,64
29975,78
29976,64
29977,80
29978,64
29979,65
29980,72
29981,68
29982,76
29983,65
29984,68
29985,83
29986,72
29987,80
29988,5
29989,86
29990,78
29991,77
29992,80
29993,66
29994,64
29995,67
29996,84
29997,68
29998,80
29999,97
30000,80
30001,68
30002,80
30003,64
30004,72
30005,68
30006,68
30007,76
30008,68
30009,74
30010,67
30011,72
30012,66
30013,71
30014,77
30015,80
30016,77
30017,68
30018,76
30019,72
30020,77
30021,76
30022,74
30023,68
30024,81
30025,97
30026,68
30027,80
30028,64
30029,64
30030,76
30031,77
30032,82
30033,77
30034,80
30035,82
30036,67
30037,64
30038,67
30039,68
30040,87
30041,75
30042,72
30043,74
30044,64
30045,94
30046,77
30047,68
30048,67
30049,68
30050,78
30051,68
30052,80
30053,80
30054,7
30055,72
30056,74
30057,77
30058,81
30059,68
30060,68
30061,74
30062,80
30063,77
30064,97
30065,64
30066,72
30067,72
30068,77
30069,66
30070,77
30071,65
30072,68
30073,77
30074,72
30075,80
30076,64
30077,80
30078,68
30079,68
30080,76
30081,78
30082,64
30083,80
30084,64
30085,82
30086,68
30087,64
30088,80
30089,68
30090,64
30091,67
30092,68
30093,67
30094,64
30095,67
30096,68
30097,83
30098,77
30099,66
30100,72
30101,66
30102,64
30103,5
30104,86
30105,78
30106,64
30107,80
30108,64
30109,67
30110,83
30111,68
30112,68
30113,68
30114,75
30115,78
30116,68
30117,77
30118,64
30119,74
30120,66
30121,77
30122,76
30123,77
30124,81
30125,5
30126,78
30127,64
30128,80
30129,64
30130,82
30131,82
30132,77
30133,75
30134,68
30135,76
30136,68
30137,67
30138,82
30139,64
30140,97
30141,64
30142,76
30143,67
30144,64
30145,67
30146,68
30147,83
30148,80
30149,77
30150,5
30151,82
30152,66
30153,80
30154,72
30155,68
30156,80
30157,64
30158,74
30159,68
30160,64
30161,5
30162,72
30163,80
30164,64
30165,76
30166,5
30167,67
30168,68
30169,68
30170,68
30171,75
30172,74
30173,74
30174,64
30175,83
30176,80
30177,67
30178,68
30179,77
30180,97
30181,81
30182,72
30183,66
30184,77
30185,67
30186,64
30187,68
30188,97
30189,83
30190,66
30191,77
30192,97
30193,68
30194,81
30195,68
30196,77
30197,77
30198,72
30199,64
30200,84
30201,72
30202,80
30203,68
30204,68
30205,71
30206,68
30207,67
30208,72
30209,82
30210,64
30211,64
30212,74
30213,97
30214,64
30215,97
30216,68
30217,84
30218,83
30219,77
30220,76
30221,64
30222,74
30223,77
30224,86
30225,75
30226,5
30227,78
30228,64
30229,72
30230,68
30231,64
30232,59
30233,74
30234,75
30235,81
30236,68
30237,76
30238,64
30239,68
30240,97
30241,64
30242,97
30243,68
30244,72
30245,74
30246,77
30247,81
30248,67
30249,82
30250,68
30251,72
30252,64
30253,76
30254,77
30255,81
30256,5
30257,86
30258,74
30259,68
30260,81
30261,68
30262,76
30263,67
30264,83
30265,6
30266,81
30267,72
30268,68
30269,97
30270,68
30271,64
30272,82
30273,68
30274,68
30275,64
30276,66
30277,68
30278,97
30279,64
30280,97
30281,64
30282,76
30283,72
30284,64
30285,68
30286,68
30287,72
30288,77
30289,64
30290,77
30291,86
30292,64
30293,81
30294,80
30295,68
30296,77
30297,82
30298,72
30299,64
30300,67
30301,68
30302,81
30303,67
30304,74
30305,74
30306,64
30307,7
30308,64
30309,77
30310,79
30311,83
30312,64
30313,74
30314,82
30315,77
30316,80
30317,68
30318,68
30319,77
30320,86
30321,97
30322,78
30323,68
30324,68
30325,67
30326,72
30327,78
30328,77
30329,80
30330,68
30331,74
30332,67
30333,72
30334,68
30335,71
30336,77
30337,97
30338,64
30339,76
30340,97
30341,77
30342,86
30343,64
30344,80
30345,77
30346,76
30347,97
30348,74
30349,77
30350,86
30351,75
30352,5
30353,82
30354,68
30355,75
30356,64
30357,64
30358,77
30359,74
30360,76
30361,68
30362,80
30363,77
30364,81
30365,68
30366,97
30367,64
30368,97
30369,67
30370,76
30371,77
30372,64
30373,67
30374,68
30375,83
30376,77
30377,68
30378,72
30379,68
30380,72
30381,86
30382,68
30383,97
30384,64
30385,72
30386,83
30387,72
30388,68
30389,67
30390,68
30391,68
30392,66
30393,77
30394,97
30395,64
30396,67
30397,72
30398,67
30399,68
30400,74
30401,97
30402,77
30403,97
30404,68
30405,68
30406,72
30407,77
30408,7
30409,66
30410,68
30411,74
30412,77
30413,68
30414,64
30415,78
30416,68
30417,97
30418,72
30419,68
30420,66
30421,72
30422,64
30423,7
30424,36
30425,68
30426,80
30427,77
30428,76
30429,77
30430,67
30431,83
30432,80
30433,77
30434,68
30435,77
30436,66
30437,72
30438,77
30439,68
30440,97
30441,64
30442,67
30443,68
30444,83
30445,77
30446,66
30447,72
30448,35
30449,68
30450,78
30451,80
30452,82
30453,66
30454,77
30455,75
30456,77
30457,97
30458,68
30459,64
30460,77
30461,81
30462,75
30463,64
30464,81
30465,72
30466,76
30467,66
30468,74
30469,72
30470,76
30471,64
30472,67
30473,77
30474,81
30475,64
30476,74
30477,75
30478,64
30479,74
30480,59
30481,66
30482,77
30483,68
30484,67
30485,80
30486,68
30487,5
30488,68
30489,67
30490,68
30491,77
30492,76
30493,68
30494,75
30495,67
30496,68
30497,97
30498,68
30499,83
30500,86
30501,67
30502,64
30503,68
30504,66
30505,81
30506,68
30507,76
30508,82
30509,77
30510,67
30511,77
30512,64
30513,65
30514,83
30515,68
30516,76
30517,77
30518,7
30519,72
30520,66
30521,76
30522,82
30523,80
30524,74
30525,68
30526,97
30527,68
30528,67
30529,76
30530,82
30531,97
30532,83
30533,86
30534,67
30535,64
30536,82
30537,68
30538,67
30539,68
30540,76
30541,68
30542,81
30543,67
30544,68
30545,74
30546,64
30547,68
30548,68
30549,82
30550,68
30551,67
30552,68
30553,67
30554,75
30555,67
30556,77
30557,97
30558,68
30559,76
30560,72
30561,76
30562,77
30563,68
30564,64
30565,80
30566,68
30567,66
30568,72
30569,77
30570,86
30571,68
30572,77
30573,74
30574,77
30575,68
30576,83
30577,72
30578,97
30579,72
30580,64
30581,77
30582,81
30583,67
30584,68
30585,97
30586,64
30587,97
30588,80
30589,67
30590,68
30591,83
30592,67
30593,68
30594,77
30595,66
30596,72
30597,77
30598,64
30599,83
30600,67
30601,68
30602,68
30603,67
30604,81
30605,64
30606,80
30607,67
30608,68
30609,97
30610,68
30611,64
30612,68
30613,75
30614,67
30615,67
30616,72
30617,67
30618,97
30619,64
30620,64
30621,97
30622,64
30623,68
30624,74
30625,68
30626,64
30627,77
30628,67
30629,68
30630,75
30631,72
30632,74
30633,86
30634,67
30635,68
30636,72
30637,64
30638,82
30639,68
30640,80
30641,66
30642,68
30643,75
30644,64
30645,80
30646,97
30647,72
30648,68
30649,97
43171,83
43172,67
43173,97
43174,66
43175,74
43176,36
43177,77
43178,75
43179,64
43180,67
43181,74
43182,68
43183,68
43184,77
43185,67
43186,68
43187,74
43188,77
43189,81
43190,80
43191,68
43192,66
43193,66
43194,64
43195,67
43196,77
43197,81
43198,83
43199,68
43200,78
43201,77
43202,80
43203,80
43204,68
43205,68
43206,74
43207,64
43208,75
43209,76
43210,68
43211,82
43212,77
43213,67
43214,64
43215,66
43216,77
43217,76
43218,71
43219,67
43220,68
43221,80
43222,64
43223,66
43224,72
43225,77
43226,76
43227,79
43228,83
43229,68
43230,68
43231,77
43232,68
43233,80
43234,68
43235,81
43236,68
43237,83
43238,68
43239,75
43240,64
43241,68
43242,82
43243,68
43244,64
43245,83
43246,68
43247,83
43248,68
43249,64
43250,64
43251,74
43252,66
43253,52
43254,68
43255,64
43256,80
43257,64
43258,68
43259,83
43260,68
43261,74
43262,67
43263,77
43264,68
43265,77
43266,80
43267,64
43268,79
43269,83
43270,68
43271,74
43272,74
43273,64
43274,97
43275,68
43276,64
43277,82
43278,83
43279,84
43280,72
43281,64
43282,78
43283,78
43284,70
43285,64
43286,82
43287,72
43288,83
43289,64
43290,80
43291,72
43292,68
43293,82
43294,80
43295,64
43296,68
43297,76
43298,68
43299,74
43300,74
43301,64
43302,74
43303,68
43304,82
43305,64
43306,74
43307,74
43308,64
43309,80
43310,68
43311,81
43312,64
43313,68
43314,77
43315,80
43316,64
43317,97
43318,68
43319,64
43320,67
43321,68
43322,74
43323,72
43324,76
43325,97
43326,68
43327,80
43328,76
43329,77
43330,5
43331,64
43332,70
43333,77
43334,80
43335,64
43336,97
43337,68
43338,64
43339,67
43340,68
43341,74
43342,64
43343,75
43344,68
43345,83
43346,68
43347,80
43348,82
43349,68
43350,68
43351,77
43352,82
43353,80
43354,64
43355,79
43356,83
43357,64
43358,74
43359,79
43360,83
43361,74
43362,68
43363,80
43364,64
43365,68
43366,67
43367,64
43368,81
43369,78
43370,77
43371,80
43372,72
43373,83
43374,64
43375,76
43376,82
43377,77
43378,68
43379,97
43380,64
43381,67
43382,68
43383,79
43384,83
43385,68
43386,64
43387,77
43388,83
43389,72
43390,97
43391,68
43392,78
43393,77
43394,76
43395,68
43396,68
43397,81
43398,78
43399,80
43400,68
43401,66
43402,83
43403,80
43404,97
43405,77
43406,80
43407,64
43408,67
43409,68
43410,74
43411,64
43412,81
43413,67
43414,77
43415,75
43416,79
43417,83
43418,68
43419,97
43420,68
43421,97
43422,70
43423,80
43424,68
43425,76
43426,68
43427,76
43428,74
43429,64
43430,81
43431,79
43432,83
43433,64
43434,74
43435,68
43436,81
43437,64
43438,78
43439,80
43440,68
43441,76
43442,68
43443,66
43444,72
43445,64
43446,76
43447,83
43448,68
43449,71
43450,81
43451,64
43452,66
43453,72
43454,97
43455,97
43456,72
43457,75
43458,64
43459,80
43460,68
43461,74
43462,76
43463,76
43464,72
43465,75
43466,64
43467,64
43468,97
43469,68
43470,74
43471,68
43472,7
43473,68
43474,64
43475,76
43476,82
43477,64
43478,80
43479,97
43480,64
43481,68
43482,72
43483,64
43484,64
43485,80
43486,80
43487,72
43488,77
43489,64
43490,78
43491,77
43492,76
43493,68
43494,97
43495,68
43496,64
43497,79
43498,83
43499,72
43500,68
43501,76
43502,75
43503,72
43504,67
43505,68
43506,68
43507,78
43508,77
43509,83
43510,68
43511,74
43512,78
43513,64
43514,80
43515,68
43516,66
43517,68
43518,75
43519,64
43520,81
43521,77
43522,68
43523,82
43524,68
43525,80
43526,75
43527,68
43528,64
43529,74
43530,77
43531,59
43532,97
43533,68
43534,97
43535,70
43536,83
43537,68
43538,76
43539,77
43540,77
43541,65
43542,97
43543,64
43544,97
43545,68
43546,77
43547,83
43548,68
43549,68
43550,64
43551,80
43552,68
43553,70
43554,74
43555,64
43556,86
43557,64
43558,67
43559,72
43560,66
43561,64
43562,64
43563,97
43564,68
43565,68
43566,83
43567,68
43568,67
43569,68
43570,68
43571,76
43572,97
43573,83
43574,86
43575,72
43576,70
43577,77
43578,80
43579,68
43580,74
43581,68
43582,83
43583,64
43584,74
43585,68
43586,81
43587,68
43588,74
43589,72
43590,83
43591,68
43592,97
43593,68
43594,97
43595,70
43596,83
43597,68
43598,7
43599,68
43600,80
43601,72
43602,75
43603,68
43604,80
43605,68
43606,75
43607,80
43608,76
43609,82
43610,68
43611,80
43612,68
43613,68
43614,77
43615,70
43616,72
43617,67
43618,77
43619,68
43620,76
43621,64
43622,74
43623,70
43624,83
43625,76
43626,74
43627,83
43628,70
43629,64
43630,76
43631,97
43632,68
43633,66
43634,80
43635,68
43636,82
43637,77
43638,86
43639,68
43640,97
43641,78
43642,68
43643,66
43644,72
43645,64
43646,74
43647,75
43648,68
43649,76
43650,82
43651,68
43652,67
43653,68
43654,77
43655,77
43656,66
43657,65
43658,68
43659,82
43660,80
43661,64
43662,86
43663,70
43664,64
43665,68
43666,74
43667,64
43668,75
43669,68
43670,75
43671,77
43672,80
43673,72
43674,64
43675,67
43676,68
43677,68
43678,68
43679,77
43680,67
43681,77
43682,87
43683,68
43684,67
43685,68
43686,74
43687,77
43688,81
43689,75
43690,64
43691,81
43692,70
43693,80
43694,64
43695,83
43696,68
43697,64
43698,67
43699,68
43700,97
43701,83
43702,81
43703,78
43704,68
43705,66
43706,66
43707,64
43708,67
43709,77
43710,81
43711,5
43712,86
43713,74
43714,77
43715,81
43716,67
43717,68
43718,75
43719,64
43720,81
43721,76
43722,64
43723,74
43724,68
43725,64
43726,68
43727,72
43728,68
43729,83
43730,80
43731,68
43732,76
43733,68
43734,80
43735,64
43736,74
43737,86
43738,65
43739,80
43740,68
43741,83
43742,68
43743,76
43744,68
43745,80
43746,82
43747,68
43748,68
43749,76
43750,68
43751,97
43752,74
43753,68
43754,66
43755,72
43756,64
43757,74
43758,97
43759,97
43760,77
43761,64
43762,67
43763,64
43764,80
43765,76
43766,64
43767,74
43768,68
43769,81
43770,5
43771,77
43772,77
43773,82
43774,80
43775,77
43776,81
43777,77
43778,83
43779,68
43780,78
43781,83
43782,68
43783,67
43784,64
43785,76
43786,82
43787,80
43788,64
43789,68
43790,80
43791,64
43792,74
43793,68
43794,83
43795,64
43796,97
43797,68
43798,74
43799,68
43800,86
43801,82
43802,68
43803,5
43804,86
43805,64
43806,77
43807,97
43808,68
43809,67
43810,68
43811,82
43812,68
43813,76
43814,70
43815,64
43816,66
43817,76
43818,77
43819,74
43820,74
43821,77
43822,81
43823,78
43824,77
43825,80
43826,68
43827,83
43828,68
43829,74
43830,77
43831,79
43832,83
43833,68
43834,64
43835,83
43836,97
43837,66
43838,64
43839,78
43840,64
43841,80
43842,64
43843,67
43844,77
43845,74
43846,77
43847,80
43848,68
43849,68
43850,74
43851,67
43852,68
43853,75
43854,68
43855,76
43856,74
43857,77
43858,76
43859,77
43860,74
43861,68
43862,82
43863,82
43864,64
43865,86
43866,70
43867,64
43868,64
43869,66
43870,83
43871,74
43872,78
43873,64
43874,42
43875,74
43876,68
43877,83
43878,64
43879,76
43880,82
43881,64
43882,76
43883,67
43884,77
43885,97
43886,83
43887,66
43888,64
43889,80
43890,64
43891,64
43892,74
43893,66
43894,72
43895,68
43896,74
43897,77
43898,66
43899,77
43900,75
43901,77
43902,97
43903,68
43904,97
43905,83
43906,83
43907,72
43908,68
43909,67
43910,68
43911,74
43912,64
43913,76
43914,82
43915,68
43916,68
43917,74
43918,64
43919,66
43920,64
43921,68
43922,64
43923,64
43924,72
43925,68
43926,80
43927,77
43928,67
43929,68
43930,68
43931,72
43932,77
43933,68
43934,64
43935,64
43936,80
43937,74
43938,64
43939,72
43940,67
43941,77
43942,66
43943,77
43944,68
43945,74
43946,66
43947,83
43948,68
43949,76
43950,82
43951,68
43952,74
43953,77
43954,81
43955,66
43956,77
43957,64
43958,68
43959,82
43960,74
43961,80
43962,64
43963,81
50704,64
50705,83
50706,81
50707,78
50708,77
50709,80
50710,68
50711,68
50712,81
50713,64
50714,68
50715,64
50716,68
50717,83
50718,64
50719,76
50720,68
50721,5
50722,66
50723,72
50724,81
50725,5
50726,82
50727,83
50728,68
50729,64
50730,68
50731,83
50732,78
50733,68
50734,80
50735,67
50736,83
50737,64
50738,78
50739,77
50740,82
50741,72
50742,81
50743,5
50744,84
50745,82
50746,72
50747,75
50748,83
50749,80
50750,5
50751,68
50752,68
50753,77
50754,80
50755,72
50756,83
50757,83
50758,64
50759,83
50760,97
50761,75
50762,72
50763,81
50764,68
50765,80
50766,77
50767,66
50768,83
50769,74
50770,67
50771,68
50772,68
50773,67
50774,72
50775,77
50776,76
50777,77
50778,76
50779,68
50780,76
50781,74
50782,72
50783,66
50784,72
50785,82
50786,83
50787,81
50788,64
50789,68
50790,68
50791,76
50792,68
50793,68
50794,74
50795,82
50796,64
50797,80
50798,68
50799,82
50800,72
50801,68
50802,83
50803,83
50804,75
50805,72
50806,64
50807,64
50808,68
50809,68
50810,68
50811,82
50812,97
50813,79
50814,76
50815,72
50816,77
50817,64
50818,72
50819,97
50820,72
50821,68
50822,80
50823,68
50824,68
50825,68
50826,74
50827,74
50828,68
50829,80
50830,72
50831,83
50832,75
50833,81
50834,68
50835,86
50836,74
50837,83
50838,68
50839,77
50840,97
50841,66
50842,68
50843,81
50844,97
50845,68
50846,64
50847,76
50848,68
50849,81
50850,64
50851,79
50852,83
50853,68
50854,76
50855,72
50856,68
50857,70
50858,83
50859,76
50860,82
50861,80
50862,66
50863,77
50864,64
50865,67
50866,68
50867,64
50868,83
50869,68
50870,74
50871,74
50872,64
50873,81
50874,72
50875,64
50876,83
50877,64
50878,68
50879,67
50880,68
50881,64
50882,83
50883,80
50884,72
50885,64
50886,75
50887,68
50888,76
50889,82
50890,68
50891,72
50892,68
50893,72
50894,68
50895,72
50896,83
50897,76
50898,64
50899,80
50900,97
50901,77
50902,80
50903,80
50904,77
50905,67
50906,64
50907,67
50908,68
50909,67
50910,68
50911,82
50912,72
50913,67
50914,72
50915,7
50916,86
50917,78
50918,64
50919,80
50920,64
50921,64
50922,83
50923,77
50924,70
50925,64
50926,80
50927,64
50928,64
50929,83
50930,97
50931,67
50932,7
50933,79
50934,83
50935,74
50936,80
50937,64
50938,76
50939,64
50940,64
50941,68
50942,74
50943,64
50944,86
50945,64
50946,68
50947,77
50948,67
50949,68
50950,74
50951,64
50952,68
50953,68
50954,74
50955,65
50956,68
50957,76
50958,64
50959,68
50960,75
50961,64
50962,81
50963,68
50964,68
50965,81
50966,72
50967,75
50968,82
50969,68
50970,81
50971,68
50972,68
50973,68
50974,67
50975,72
50976,75
50977,68
50978,68
50979,82
50980,77
50981,64
50982,76
50983,68
50984,68
50985,97
50986,68
50987,97
50988,77
50989,80
50990,65
50991,68
50992,5
50993,82
50994,68
50995,74
50996,74
50997,64
50998,76
50999,72
51000,64
51001,74
51002,68
51003,81
51004,67
51005,77
51006,80
51007,67
51008,72
51009,76
51010,64
51011,80
51012,72
51013,77
51014,84
51015,97
51016,64
51017,6
51018,80
51019,74
51020,64
51021,68
51022,81
51023,78
51024,77
51025,80
51026,68
51027,77
51028,83
51029,68
51030,76
51031,72
51032,64
51033,68
51034,77
51035,80
51036,75
51037,77
51038,67
51039,77
51040,72
51041,68
51042,74
51043,68
51044,83
51045,72
51046,67
51047,81
51048,5
51049,81
51050,72
51051,76
51052,64
51053,80
51054,64
51055,76
51056,83
51057,64
51058,76
51059,74
51060,64
51061,68
51062,83
51063,76
51064,77
51065,68
51066,66
51067,64
51068,76
51069,83
51070,77
51071,68
51072,64
51073,84
51074,76
51075,77
51076,83
51077,72
51078,64
51079,64
51080,74
51081,77
51082,80
51083,71
51084,68
51085,80
51086,75
51087,68
51088,68
51089,68
51090,83
51091,68
51092,80
51093,74
51094,68
51095,68
51096,77
51097,68
51098,64
51099,74
51100,64
51101,64
51102,5
51103,77
51104,64
51105,74
51106,76
51107,72
51108,67
51109,64
51110,76
51111,72
51112,97
51113,68
51114,97
51115,68
51116,83
51117,72
51118,72
51119,68
51120,64
51121,97
51122,87
51123,83
51124,83
51125,68
51126,81
51127,81
51128,78
51129,83
51130,68
51131,67
51132,68
51133,76
51134,74
51135,77
51136,81
51137,72
51138,76
51139,67
51140,72
51141,68
51142,64
51143,65
51144,68
51145,83
51146,68
51147,82
51148,80
51149,24
51150,72
51151,64
51152,77
51153,68
51154,76
51155,74
51156,77
51157,81
51158,77
51159,68
51160,64
51161,64
51162,67
51163,68
51164,80
51165,64
51166,68
51167,72
51168,68
51169,68
51170,86
51171,68
51172,64
51173,64
51174,68
51175,77
51176,82
51177,74
51178,97
51179,72
51180,83
51181,68
51182,68
51183,81
51184,64
51185,75
51186,72
51187,65
51188,97
51189,64
51190,75
51191,83
51192,81
51193,97
51194,80
51195,68
51196,82
51197,68
51198,64
51199,97
51200,68
51201,76
51202,97
51203,68
51204,67
51205,68
51206,64
51207,5
51208,64
51209,97
51210,68
51211,79
51212,83
51213,68
51214,71
51215,80
51216,68
51217,64
51218,64
51219,80
51220,68
51221,74
51222,64
51223,81
51224,77
51225,66
51226,68
51227,5
51228,77
51229,76
51230,64
51231,83
51232,77
51233,68
51234,77
51235,64
51236,80
51237,64
51238,77
51239,64
51240,68
51241,83
51242,68
51243,68
51244,72
51245,72
51246,64
51247,82
51248,68
51249,80
51250,97
51251,72
51252,68
51253,68
51254,67
51255,68
51256,74
51257,72
51258,66
51259,64
51260,80
51261,72
51262,67
51263,7
51264,68
51265,19
51266,66
51267,68
51268,64
51269,68
51270,72
51271,77
51272,76
51273,5
51274,68
51275,68
51276,80
51277,79
51278,83
51279,64
51280,76
51281,74
51282,77
51283,68
51284,74
51285,74
51286,77
51287,68
51288,82
51289,68
51290,64
51291,72
51292,68
51293,76
51294,64
51295,80
51296,64
51297,82
51298,77
51299,74
51300,68
51301,97
51302,83
51303,83
51304,68
51305,68
51306,77
51307,68
51308,81
51309,64
51310,76
51311,97
51312,76
51313,78
51314,77
51315,80
51316,97
51317,77
51318,76
51319,77
51320,67
51321,82
51322,81
51323,80
51324,76
51325,78
51326,77
51327,80
51328,64
51329,72
51330,83
51331,68
51332,77
51333,64
51334,76
51335,72
51336,80
51337,68
51338,72
51339,76
51340,67
51341,72
51342,67
51343,77
51344,64
51345,83
51346,75
51347,72
51348,77
51349,77
51350,68
51351,76
51352,68
51353,76
51354,80
51355,68
51356,64
51357,77
51358,83
51359,76
51360,7
51361,97
51362,64
51363,68
51364,64
51365,64
51366,68
51367,83
51368,82
51369,74
51370,77
51371,5
51372,68
51373,80
51374,64
51375,68
51376,5
51377,77
51378,68
51379,64
51380,75
51381,77
51382,72
51383,76
51384,68
51385,68
51386,77
51387,68
51388,5
51389,77
51390,81
51391,68
51392,77
51393,68
51394,68
51395,64
51396,68
51397,76
51398,80
51399,68
51400,68
51401,6
51402,64
51403,68
51404,64
51405,68
51406,76
51407,67
51408,77
51409,80
51410,72
51411,68
51412,5
51413,64
51414,64
51415,64
51416,68
51417,81
51418,5
51419,79
51420,77
51421,76
51422,67
51423,67
51424,72
51425,68
51426,72
51427,80
51428,83
51429,80
51430,64
51431,64
51432,82
51433,82
51434,83
51435,67
51436,72
51437,72
51438,64
51439,66
51440,67
51441,68
51442,64
51443,72
51444,66
51445,79
51446,83
51447,72
51448,68
51449,68
51450,83
51451,68
51452,76
51453,67
51454,64
51455,82
51456,84
51457,64
51458,76
51459,68
51460,84
51461,68
51462,80
51463,80
51464,76
51465,76
51466,68
51467,97
51468,67
51469,64
51470,72
51471,72
51472,66
51473,72
51474,83
51475,5
51476,82
51477,80
51478,77
51479,76
51480,68
51481,75
51482,64
51483,64
51484,72
51485,52
51486,79
51487,75
51488,81
51489,64
51490,66
51491,66
51492,74
51493,68
51494,97
51495,64
51496,97
51497,72
51498,68
51499,72
51500,68
51501,97
51502,83
51503,72
51504,68
51505,66
51506,67
51507,68
51508,82
51509,80
51510,82
51511,82
51512,74
51513,68
51514,84
51515,72
51516,64
51517,68
51518,75
51519,82
51520,64
51521,74
51522,66
51523,64
51524,77
51525,72
51526,5
51527,82
51528,64
51529,72
51530,97
51531,64
51532,68
51533,76
51534,83
51535,72
51536,80
51537,76
51538,83
51539,80
51540,64
51541,76
51542,82
51543,72
51544,76
51545,68
51546,82
51547,83
51548,80
51549,5
51550,72
51551,72
51552,64
51553,78
51554,80
51555,83
51556,76
51557,83
51558,77
51559,82
51560,5
51561,64
51562,72
51563,64
51564,74
51565,68
51566,68
51567,82
51568,64
51569,72
51570,76
51571,76
51572,68
51573,72
51574,66
51575,64
51576,72
51577,72
51578,68
51579,6
1235,64
1236,87
1237,45
1238,77
1239,66
1240,77
1241,68
1242,77
1243,64
1244,72
1245,64
1246,64
1247,64
1248,76
1249,77
1250,72
1251,67
1252,68
1253,82
1254,77
1255,67
1256,72
1257,76
1258,80
1259,68
1260,77
1261,77
1262,64
1263,74
1264,72
1265,72
1266,67
1267,72
1268,74
1269,72
1270,80
1271,77
1272,72
1273,76
1274,72
1275,77
1276,82
1277,68
1278,66
1279,83
1280,72
1281,77
1282,82
1283,68
1284,83
1285,71
1286,72
1287,76
1288,72
1289,79
1290,83
1291,64
1292,66
1293,77
1294,79
1295,83
1296,72
1297,75
1298,77
1299,66
1300,68
1301,74
1302,72
1303,66
1304,72
1305,72
1306,76
1307,77
1308,66
1309,82
1310,80
1311,68
1312,64
1313,68
1314,64
1315,86
1316,76
1317,83
1318,72
1319,77
1320,76
1321,64
1322,72
1323,68
1324,76
1325,64
1326,76
1327,77
1328,75
1329,77
1330,82
1331,74
1332,64
1333,76
1334,79
1335,83
1336,64
1337,72
1338,83
1339,64
1340,68
1341,68
1342,72
1343,76
1344,78
1345,80
1346,83
1347,83
1348,77
1349,84
1350,80
1351,66
1352,64
1353,76
1354,77
1355,83
1356,72
1357,76
1358,77
1359,74
1360,76
1361,64
1362,75
1363,72
1364,77
1365,77
1366,72
1367,74
1368,72
1369,82
1370,68
1371,66
1372,64
1373,76
1374,66
1375,64
1376,72
1377,76
1378,72
1379,82
1380,74
1381,75
1382,72
1383,74
1384,72
1385,68
1386,83
1387,72
1388,74
1389,68
1390,86
1391,82
1392,77
1393,72
1394,72
1395,76
1396,82
1397,77
1398,75
1399,68
1400,66
1401,83
1402,72
1403,77
1404,74
1405,72
1406,97
1407,83
1408,79
1409,76
1410,80
1411,72
1412,78
1413,77
1414,5
1415,84
1416,68
1417,68
1418,79
1419,83
1420,72
1421,75
1422,64
1423,82
1424,72
1425,66
1426,64
1427,82
1428,66
1429,64
1430,72
1431,76
1432,72
1433,72
1434,77
1435,74
1436,74
1437,77
1438,76
1439,66
1440,64
1441,68
1442,64
1443,76
1444,84
1445,68
1446,74
1447,72
1448,78
1449,64
1450,75
1451,78
1452,68
1453,72
1454,77
1455,72
1456,82
1457,74
1458,64
1459,68
1460,77
1461,83
1462,72
1463,77
1464,83
1465,72
1466,82
1467,83
1468,72
1469,86
1470,68
1471,68
1472,75
1473,77
1474,80
1475,64
1476,77
1477,77
1478,68
1479,67
1480,72
1481,30
1482,68
1483,68
1484,5
1485,42
1486,76
1487,66
1488,64
1489,76
1490,77
1491,79
1492,83
1493,72
1494,83
1495,72
1496,76
1497,72
1498,76
1499,74
1500,64
1501,68
1502,77
1503,77
1504,76
1505,72
1506,75
1507,64
1508,76
1509,77
1510,79
1511,83
1512,72
1513,72
1514,77
1515,83
1516,72
1517,77
1518,83
1519,72
1520,74
1521,72
1522,72
1523,76
1524,82
1525,77
1526,77
1527,68
1528,66
1529,83
1530,72
1531,77
1532,68
1533,68
1534,72
1535,83
1536,24
1537,74
1538,80
1539,72
1540,97
1541,77
1542,5
1543,72
1544,76
1545,66
1546,66
1547,82
1548,64
1549,76
1550,68
1551,80
1552,68
1553,76
1554,97
1555,77
1556,72
1557,74
1558,68
1559,83
1560,72
1561,80
1562,64
1563,82
1564,74
1565,72
1566,82
1567,72
1568,66
1569,77
1570,64
1571,83
1572,68
1573,72
1574,77
1575,72
1576,82
1577,74
1578,64
1579,77
1580,77
1581,76
1582,64
1583,68
1584,64
1585,72
1586,77
1587,67
1588,82
1589,68
1590,72
1591,67
1592,68
1593,68
1594,64
1595,66
1596,64
1597,72
1598,82
1599,64
1600,72
1601,68
1602,64
1603,75
1604,68
1605,66
1606,68
1607,64
1608,64
1609,68
1610,78
1611,76
1612,77
1613,68
1614,64
1615,72
1616,77
1617,72
1618,64
1619,82
1620,77
1621,77
1622,81
1623,78
1624,68
1625,68
1626,72
1627,29
1628,74
1629,75
1630,64
1631,97
1632,77
1633,97
1634,68
1635,76
1636,83
1637,81
1638,72
1639,68
1640,82
1641,72
1642,68
1643,81
1644,64
1645,83
1646,82
1647,66
1648,72
1649,68
1650,75
1651,68
1652,81
1653,68
1654,83
1655,72
1656,93
1657,77
1658,74
1659,74
1660,72
1661,68
1662,76
1663,66
1664,64
1665,76
1666,64
1667,75
1668,83
1669,66
1670,68
1671,72
1672,83
1673,67
1674,68
1675,75
1676,72
1677,68
1678,79
1679,83
1680,72
1681,77
1682,82
1683,72
1684,86
1685,75
1686,78
1687,64
1688,76
1689,72
1690,77
1691,72
1692,66
1693,64
1694,72
1695,64
1696,82
1697,74
1698,64
1699,82
1700,77
1701,72
1702,83
1703,68
1704,5
1705,74
1706,68
1707,72
1708,97
1709,78
1710,77
1711,81
1712,80
1713,76
1714,5
1715,86
1716,77
1717,64
1718,68
1719,77
1720,64
1721,68
1722,79
1723,83
1724,72
1725,76
1726,82
1727,72
1728,75
1729,64
1730,66
1731,68
1732,77
1733,64
1734,74
1735,82
1736,72
1737,72
1738,76
1739,68
1740,72
1741,83
1742,76
1743,68
1744,76
1745,77
1746,68
1747,64
1748,82
1749,72
1750,74
1751,72
1752,64
1753,66
1754,72
1755,66
1756,64
1757,79
1758,83
1759,72
1760,82
1761,82
1762,64
1763,72
1764,64
1765,76
1766,72
1767,76
1768,86
1769,76
1770,66
1771,64
1772,76
1773,77
1774,82
1775,77
1776,66
1777,77
1778,66
1779,7
1780,83
1781,72
1782,68
1783,79
1784,68
1785,72
1786,77
1787,82
1788,72
1789,86
1790,76
1791,66
1792,64
1793,77
1794,77
1795,78
1796,64
1797,82
1798,72
1799,72
1800,77
1801,68
1802,86
1803,72
1804,68
1805,64
1806,82
1807,68
1808,72
1809,66
1810,97
1811,72
1812,64
1813,68
1814,72
1815,68
1816,79
1817,83
1818,72
1819,72
1820,83
1821,72
1822,68
1823,68
1824,66
1825,64
1826,76
1827,97
1828,64
1829,74
1830,68
1831,68
1832,82
1833,72
1834,83
1835,68
1836,72
1837,76
1838,76
1839,64
1840,83
1841,64
1842,77
1843,64
1844,82
1845,72
1846,64
1847,74
1848,64
1849,83
1850,66
1851,72
1852,76
1853,76
1854,64
1855,66
1856,64
1857,68
1858,82
1859,68
1860,64
1861,82
1862,68
1863,64
1864,75
1865,68
1866,77
1867,82
1868,74
1869,64
1870,66
1871,64
1872,64
1873,83
1874,72
1875,82
1876,72
1877,74
1878,77
1879,64
1880,78
1881,68
1882,68
1883,72
7535,97
7536,72
7537,72
7538,68
7539,77
7540,68
7541,64
7542,86
7543,66
7544,64
7545,86
7546,77
7547,5
7548,76
7549,75
7550,74
7551,72
7552,80
7553,72
7554,76
7555,67
7556,72
7557,68
7558,68
7559,76
7560,80
7561,68
7562,6
7563,68
7564,68
7565,68
7566,64
7567,66
7568,72
7569,82
7570,7
7571,80
7572,74
7573,64
7574,68
7575,68
7576,68
7577,68
7578,68
7579,64
7580,68
7581,74
7582,5
7583,80
7584,74
7585,64
7586,68
7587,69
7588,71
7589,64
7590,76
7591,76
7592,74
7593,77
7594,68
7595,80
7596,67
7597,82
7598,97
7599,83
7600,68
7601,68
7602,80
7603,75
7604,72
7605,97
7606,86
7607,68
7608,74
7609,82
7610,68
7611,74
7612,64
7613,68
7614,74
7615,72
7616,78
7617,68
7618,77
7619,68
7620,68
7621,74
7622,74
7623,66
7624,64
7625,81
7626,83
7627,72
7628,68
7629,76
7630,83
7631,68
7632,66
7633,80
7634,77
7635,80
7636,68
7637,77
7638,77
7639,72
7640,82
7641,72
7642,67
7643,72
7644,68
7645,76
7646,67
7647,77
7648,5
7649,82
7650,68
7651,72
7652,5
7653,68
7654,72
7655,80
7656,82
7657,74
7658,64
7659,72
7660,75
7661,64
7662,68
7663,76
7664,75
7665,64
7666,76
7667,75
7668,77
7669,64
7670,81
7671,67
7672,68
7673,78
7674,80
7675,68
7676,72
7677,68
7678,72
7679,72
7680,82
7681,77
7682,81
7683,74
7684,72
7685,97
7686,68
7687,64
7688,68
7689,77
7690,68
7691,5
7692,68
7693,74
7694,78
7695,80
7696,68
7697,83
7698,75
7699,77
7700,72
7701,5
7702,68
7703,66
7704,5
7705,74
7706,77
7707,7
7708,83
7709,74
7710,64
7711,78
7712,64
7713,83
7714,76
7715,68
7716,72
7717,5
7718,72
7719,76
7720,81
7721,5
7722,77
7723,68
7724,64
7725,72
7726,68
7727,76
7728,5
7729,68
7730,74
7731,68
7732,5
7733,68
7734,77
7735,68
7736,68
7737,77
7738,5
7739,82
7740,64
7741,80
7742,72
7743,77
7744,68
7745,77
7746,64
7747,68
7748,64
7749,76
7750,64
7751,64
7752,64
7753,68
7754,74
7755,64
7756,72
7757,77
7758,82
7759,74
7760,72
7761,7
7762,97
7763,68
7764,64
7765,76
7766,68
7767,80
7768,64
7769,66
7770,68
7771,68
7772,97
7773,81
7774,76
7775,77
7776,75
7777,71
7778,80
7779,68
7780,64
7781,82
7782,68
7783,77
7784,80
7785,64
7786,64
7787,80
7788,64
7789,64
7790,68
7791,80
7792,68
7793,81
7794,64
7795,64
7796,76
7797,68
7798,64
7799,81
7800,72
7801,83
7802,64
7803,76
7804,67
7805,81
7806,75
7807,64
7808,68
7809,68
7810,80
7811,68
7812,77
7813,82
7814,77
7815,77
7816,72
7817,80
7818,68
7819,74
7820,64
7821,81
7822,97
7823,64
7824,81
7825,78
7826,64
7827,97
7828,81
7829,72
7830,77
7831,64
7832,81
7833,5
7834,77
7835,64
7836,74
7837,81
7838,68
7839,68
7840,76
7841,77
7842,67
7843,77
7844,97
7845,77
7846,81
7847,78
7848,80
7849,68
7850,68
7851,80
7852,80
7853,72
7854,82
7855,77
7856,68
7857,77
7858,68
7859,7
7860,68
7861,76
7862,82
7863,68
7864,82
7865,64
7866,68
7867,64
7868,5
7869,67
7870,68
7871,5
7872,82
7873,74
7874,64
7875,19
7876,64
7877,77
7878,64
7879,68
7880,74
7881,64
7882,80
7883,77
7884,64
7885,70
7886,64
7887,68
7888,68
7889,72
7890,5
7891,80
7892,68
7893,64
7894,5
7895,82
7896,64
7897,82
7898,64
7899,77
7900,82
7901,68
7902,97
7903,64
7904,68
7905,80
7906,68
7907,80
7908,68
7909,80
7910,77
7911,5
7912,71
7913,74
7914,68
7915,80
7916,5
7917,66
7918,77
7919,64
7920,82
7921,83
7922,72
7923,66
7924,82
7925,68
7926,5
7927,82
7928,97
7929,66
7930,64
7931,76
7932,97
7933,68
7934,5
7935,72
7936,66
7937,74
7938,77
7939,64
7940,5
7941,79
7942,80
7943,64
7944,5
7945,68
7946,74
7947,64
7948,68
7949,97
7950,80
7951,68
7952,64
7953,72
7954,82
7955,68
7956,5
7957,68
7958,74
7959,68
7960,68
7961,68
7962,97
7963,80
7964,68
7965,68
7966,82
7967,68
7968,5
7969,77
7970,64
7971,82
7972,66
7973,64
7974,5
7975,82
7976,74
7977,64
7978,72
7979,64
7980,68
7981,68
7982,72
7983,83
7984,72
7985,81
7986,68
7987,76
7988,72
7989,80
7990,64
7991,72
7992,66
7993,74
7994,64
7995,74
7996,80
7997,80
7998,76
7999,74
8000,72
8001,82
8002,74
8003,5
8004,80
8005,72
8006,5
8007,68
8008,77
8009,76
8010,97
8011,83
8012,83
8013,64
8014,72
8015,83
8016,68
8017,97
8018,76
8019,81
8020,68
8021,74
8022,64
8023,68
8024,83
8025,72
8026,72
8027,5
8028,77
8029,81
8030,68
8031,72
8032,68
8033,68
8034,74
8035,64
8036,77
8037,68
8038,82
8039,72
8040,5
8041,72
8042,64
8043,68
8044,64
8045,5
8046,78
8047,72
8048,64
8049,77
8050,83
8051,80
8052,68
8053,5
8054,64
8055,72
8056,64
8057,80
8058,77
8059,77
8060,64
8061,72
8062,68
8063,74
8064,5
8065,68
8066,5
8067,66
8068,68
8069,64
8070,66
8071,68
8072,74
8073,5
8074,64
8075,77
8076,68
8077,67
8078,72
8079,64
8080,80
8081,80
8082,74
8083,5
8084,76
8085,68
8086,74
8087,68
8088,74
8089,68
8090,5
22310,67
22311,71
22312,64
22313,72
22314,97
22315,72
22316,64
22317,76
22318,64
22319,5
22320,68
22321,77
22322,80
22323,77
22324,7
22325,54
22326,64
22327,66
22328,68
22329,66
22330,64
22331,86
22332,78
22333,64
22334,75
22335,78
22336,64
22337,72
22338,76
22339,72
22340,66
22341,86
22342,68
22343,71
22344,64
22345,64
22346,76
22347,76
22348,76
22349,79
22350,83
22351,72
22352,66
22353,76
22354,67
22355,72
22356,77
22357,87
22358,79
22359,83
22360,68
22361,72
22362,76
22363,72
22364,76
22365,68
22366,75
22367,72
22368,74
22369,87
22370,82
22371,87
22372,72
22373,76
22374,86
22375,76
22376,72
22377,66
22378,72
22379,74
22380,82
22381,72
22382,66
22383,78
22384,64
22385,66
22386,72
22387,77
22388,76
22389,68
22390,75
22391,83
22392,82
22393,72
22394,66
22395,77
22396,72
22397,76
22398,82
22399,77
22400,82
22401,68
22402,66
22403,83
22404,86
22405,77
22406,31
22407,68
22408,97
22409,83
22410,64
22411,72
22412,77
22413,82
22414,72
22415,76
22416,82
22417,74
22418,68
22419,86
22420,76
22421,79
22422,83
22423,72
22424,75
22425,77
22426,66
22427,71
22428,74
22429,71
22430,64
22431,72
22432,74
22433,72
22434,66
22435,77
22436,72
22437,76
22438,79
22439,83
22440,72
22441,75
22442,77
22443,82
22444,68
22445,75
22446,64
22447,66
22448,71
22449,82
22450,72
22451,74
22452,72
22453,66
22454,77
22455,68
22456,82
22457,76
22458,72
22459,66
22460,82
22461,68
22462,71
22463,83
22464,64
22465,76
22466,76
22467,76
22468,82
22469,72
22470,66
22471,82
22472,77
22473,82
22474,68
22475,78
22476,77
22477,82
22478,87
22479,82
22480,77
22481,77
22482,83
22483,72
22484,74
22485,72
22486,87
22487,79
22488,76
22489,68
22490,86
22491,76
22492,72
22493,82
22494,68
22495,75
22496,64
22497,66
22498,71
22499,82
22500,74
22501,82
22502,87
22503,72
22504,76
22505,7
22506,97
22507,34
22508,77
22509,7
22510,72
22511,82
22512,74
22513,68
22514,71
22515,83
22516,64
22517,82
22518,74
22519,72
22520,76
22521,77
22522,79
22523,83
22524,72
22525,66
22526,83
22527,72
22528,74
22529,77
22530,79
22531,83
22532,68
22533,72
22534,76
22535,76
22536,64
22537,71
22538,83
22539,72
22540,76
22541,82
22542,72
22543,76
22544,72
22545,76
22546,77
22547,64
22548,76
22549,66
22550,68
22551,74
22552,72
22553,97
22554,68
22555,82
22556,83
22557,75
22558,70
22559,7
22560,25
22561,34
22562,72
22563,64
22564,24
22565,64
22566,86
22567,68
22568,71
22569,83
22570,64
22571,82
22572,74
22573,86
22574,76
22575,64
22576,83
22577,71
22578,82
22579,74
22580,64
22581,75
22582,64
22583,76
22584,82
22585,74
22586,72
22587,72
22588,97
22589,83
22590,64
22591,76
22592,70
22593,68
22594,74
22595,72
22596,77
22597,86
22598,76
22599,72
22600,78
22601,64
22602,76
22603,75
22604,77
22605,78
22606,72
22607,64
22608,86
22609,76
22610,72
22611,80
22612,68
22613,83
22614,72
22615,66
22616,71
22617,82
22618,77
22619,82
22620,68
22621,66
22622,71
22623,75
22624,77
22625,76
22626,68
22627,79
22628,83
22629,72
22630,72
22631,76
22632,67
22633,66
22634,76
22635,68
22636,74
22637,82
22638,77
22639,66
22640,64
22641,87
22642,79
22643,83
22644,68
22645,86
22646,76
22647,82
22648,72
22649,66
22650,66
22651,71
22652,72
22653,77
22654,83
22655,64
22656,87
22657,83
22658,68
22659,72
22660,71
22661,83
22662,64
22663,72
22664,76
22665,82
22666,74
22667,68
22668,86
22669,76
22670,82
22671,72
22672,66
22673,82
22674,74
22675,64
22676,74
22677,66
22678,64
22679,71
22680,72
22681,72
22682,87
22683,78
22684,74
22685,76
22686,82
22687,72
22688,66
22689,82
22690,68
22691,74
22692,66
22693,71
22694,72
22695,71
22696,83
22697,64
22698,87
22699,79
22700,72
22701,68
22702,7
22703,42
22704,71
22705,83
22706,64
22707,76
22708,72
22709,76
22710,82
22711,74
22712,68
22713,86
22714,82
22715,72
22716,66
22717,72
22718,72
22719,68
22720,64
22721,87
22722,79
22723,86
22724,86
22725,77
22726,86
22727,85
22728,79
22729,66
22730,71
22731,82
22732,77
22733,82
22734,68
22735,66
22736,71
22737,75
22738,77
22739,76
22740,68
22741,79
22742,83
22743,72
22744,7
22745,40
22746,83
22747,71
22748,86
22749,76
22750,82
22751,74
22752,64
22753,66
22754,64
22755,75
22756,77
22757,82
22758,72
22759,66
22760,76
22761,68
22762,74
22763,82
22764,77
22765,77
22766,64
22767,87
22768,79
22769,83
22770,68
22771,72
22772,76
22773,82
22774,74
22775,68
22776,76
22777,79
22778,83
22779,72
22780,6
22781,66
22782,83
22783,72
22784,74
22785,77
22786,82
22787,72
22788,64
22789,79
22790,83
22791,68
22792,66
22793,64
22794,76
22795,83
22796,72
22797,75
22798,64
22799,64
22800,71
22801,83
22802,68
22803,74
22804,82
22805,72
22806,82
22807,77
22808,75
22809,64
22810,79
22811,83
22812,72
22813,97
22814,82
22815,87
22816,79
22817,83
22818,74
22819,5
22820,68
22821,76
22822,77
22823,74
22824,79
22825,97
22826,68
22827,75
22828,68
22829,67
22830,81
22831,64
22832,68
22833,77
22834,76
22835,76
22836,68
22837,64
22838,80
22839,68
22840,67
22841,82
22842,68
22843,64
22844,7
22845,68
22846,68
22847,83
22848,76
22849,82
22850,5
22851,71
22852,83
22853,72
22854,66
22855,64
22856,66
22857,68
22858,72
22859,85
22860,87
22861,64
22862,86
22863,68
22864,86
22865,86
22866,77
22867,82
22868,66
22869,76
22870,68
22871,74
22872,82
22873,77
22874,66
22875,64
22876,87
22877,79
22878,83
22879,68
22880,86
22881,76
22882,77
22883,79
22884,83
22885,72
22886,72
22887,72
22888,74
22889,77
22890,82
22891,64
22892,66
22893,83
22894,68
22895,7
22896,64
22897,34
22898,74
22899,66
22900,7
22901,66
22902,64
22903,74
22904,82
22905,74
22906,64
22907,66
22908,64
22909,75
22910,77
22911,82
22912,72
22913,64
22914,77
22915,78
22916,72
22917,68
22918,74
22919,72
22920,66
22921,52
22922,69
22923,64
22924,77
22925,76
22926,68
22927,64
22928,74
22929,72
22930,87
22931,82
22932,66
22933,64
22934,76
22935,72
22936,76
22937,74
22938,82
22939,68
22940,77
22941,82
22942,68
22943,76
22944,64
22945,71
22946,83
22947,64
22948,82
22949,72
22950,74
22951,82
22952,64
22953,72
22954,76
22955,5
22956,75
22957,83
22958,83
22959,64
22960,82
22961,67
22962,72
22963,76
22964,79
22965,83
22966,72
22967,66
22968,64
22969,83
22970,71
22971,82
22972,72
22973,64
22974,79
22975,83
22976,68
22977,66
22978,64
22979,76
22980,72
22981,75
22982,64
22983,76
22984,64
22985,71
22986,83
22987,68
22988,74
22989,82
22990,72
22991,64
22992,87
22993,67
22994,83
22995,68
22996,97
22997,74
22998,68
22999,70
23000,72
23001,74
23002,68
23003,64
23004,74
30650,97
30651,64
30652,64
30653,68
30654,97
30655,52
30656,68
30657,68
30658,82
30659,82
30660,7
30661,77
30662,75
30663,68
30664,76
30665,77
30666,81
30667,5
30668,68
30669,65
30670,72
30671,83
30672,72
30673,68
30674,67
30675,77
30676,68
30677,74
30678,68
30679,74
30680,77
30681,80
30682,72
30683,77
30684,97
30685,77
30686,78
30687,64
30688,68
30689,68
30690,76
30691,83
30692,68
30693,97
30694,80
30695,77
30696,68
30697,64
30698,76
30699,68
30700,77
30701,74
30702,77
30703,75
30704,72
30705,76
30706,70
30707,77
30708,5
30709,64
30710,74
30711,79
30712,83
30713,64
30714,74
30715,74
30716,72
30717,77
30718,81
30719,76
30720,83
30721,68
30722,97
30723,80
30724,68
30725,97
30726,68
30727,68
30728,77
30729,80
30730,64
30731,83
30732,72
30733,64
30734,68
30735,75
30736,65
30737,72
30738,64
30739,67
30740,77
30741,5
30742,78
30743,64
30744,80
30745,64
30746,80
30747,68
30748,64
30749,77
30750,80
30751,75
30752,64
30753,66
30754,72
30755,77
30756,76
30757,67
30758,68
30759,74
30760,75
30761,83
30762,67
30763,77
30764,5
30765,68
30766,67
30767,68
30768,68
30769,75
30770,86
30771,66
30772,72
30773,77
30774,76
30775,67
30776,68
30777,74
30778,77
30779,81
30780,83
30781,72
30782,66
30783,72
30784,77
30785,81
30786,76
30787,68
30788,77
30789,75
30790,77
30791,78
30792,77
30793,80
30794,68
30795,83
30796,68
30797,71
30798,64
30799,84
30800,72
30801,97
30802,77
30803,76
30804,77
30805,68
30806,76
30807,97
30808,83
30809,84
30810,72
30811,67
30812,64
30813,5
30814,86
30815,67
30816,68
30817,74
30818,68
30819,74
30820,77
30821,80
30822,72
30823,77
30824,97
30825,77
30826,64
30827,64
30828,76
30829,82
30830,68
30831,80
30832,64
30833,76
30834,83
30835,66
30836,72
30837,68
30838,68
30839,77
30840,68
30841,77
30842,76
30843,82
30844,68
30845,76
30846,81
30847,67
30848,64
30849,68
30850,74
30851,68
30852,64
30853,75
30854,68
30855,76
30856,82
30857,68
30858,97
30859,68
30860,75
30861,83
30862,68
30863,97
30864,80
30865,64
30866,7
30867,64
30868,22
30869,74
30870,79
30871,83
30872,64
30873,74
30874,74
30875,64
30876,84
30877,72
30878,80
30879,70
30880,68
30881,76
30882,65
30883,68
30884,76
30885,67
30886,72
30887,68
30888,72
30889,97
30890,72
30891,75
30892,64
30893,67
30894,68
30895,76
30896,83
30897,68
30898,83
30899,77
30900,68
30901,76
30902,66
30903,77
30904,6
30905,75
30906,68
30907,76
30908,67
30909,77
30910,68
30911,97
30912,64
30913,97
30914,77
30915,66
30916,64
30917,67
30918,68
30919,83
30920,77
30921,66
30922,72
30923,97
30924,86
30925,68
30926,77
30927,76
30928,97
30929,80
30930,64
30931,67
30932,72
30933,64
30934,5
30935,86
30936,68
30937,83
30938,97
30939,97
30940,77
30941,78
30942,64
30943,80
30944,82
30945,72
30946,66
30947,83
30948,74
30949,64
30950,80
30951,75
30952,68
30953,82
30954,68
30955,5
30956,59
30957,68
30958,97
30959,64
30960,66
30961,68
30962,97
30963,97
30964,64
30965,67
30966,72
30967,64
30968,5
30969,97
30970,82
30971,77
30972,67
30973,64
30974,68
30975,81
30976,67
30977,68
30978,75
30979,72
30980,97
30981,68
30982,66
30983,79
30984,68
30985,82
30986,67
30987,68
30988,76
30989,68
30990,68
30991,82
30992,87
30993,72
30994,68
30995,68
30996,68
30997,97
30998,76
30999,83
31000,97
31001,68
31002,72
31003,68
31004,68
31005,76
31006,97
31007,74
31008,77
31009,80
31010,67
31011,68
31012,67
31013,68
31014,68
31015,80
31016,67
31017,72
31018,68
31019,64
31020,67
31021,77
31022,80
31023,68
31024,76
31025,80
31026,68
31027,81
31028,74
31029,64
31030,77
31031,80
31032,67
31033,68
31034,67
31035,68
31036,74
31037,64
31038,97
31039,68
31040,68
31041,5
31042,86
31043,67
31044,68
31045,97
31046,68
31047,67
31048,68
31049,67
31050,77
31051,77
31052,78
31053,68
31054,80
31055,78
31056,68
31057,76
31058,64
31059,67
31060,68
31061,74
31062,72
31063,67
31064,77
31065,86
31066,68
31067,97
31068,64
31069,68
31070,68
31071,78
31072,64
31073,97
31074,72
31075,6
31076,68
31077,83
31078,74
31079,64
31080,80
31081,82
31082,80
31083,67
31084,68
31085,76
31086,81
31087,93
31088,72
31089,68
31090,77
31091,77
31092,76
31093,70
31094,67
31095,76
31096,64
31097,74
31098,87
31099,64
31100,68
31101,67
31102,72
31103,68
31104,72
31105,97
31106,72
31107,75
31108,64
31109,68
31110,72
31111,68
31112,68
31113,68
31114,68
31115,33
31116,64
31117,80
31118,72
31119,64
31120,7
31121,24
31122,72
31123,77
31124,83
31125,64
31126,74
31127,68
31128,77
31129,76
31130,68
31131,64
31132,76
31133,67
31134,68
31135,64
31136,68
31137,68
31138,68
31139,72
31140,57
31141,67
31142,72
31143,75
31144,76
31145,74
31146,68
31147,77
31148,86
31149,78
31150,80
31151,68
31152,67
31153,72
31154,68
31155,77
31156,5
31157,86
31158,80
31159,68
31160,77
31161,83
31162,77
31163,68
31164,64
31165,67
31166,72
31167,68
31168,77
31169,64
31170,64
31171,83
31172,64
31173,97
31174,64
31175,64
31176,83
31177,77
31178,6
31179,68
31180,72
31181,77
31182,76
31183,86
31184,68
31185,76
31186,68
31187,68
31188,64
31189,67
31190,72
31191,64
31192,67
31193,68
31194,77
31195,76
31196,74
31197,64
31198,79
31199,83
31200,64
31201,74
31202,78
31203,77
31204,80
31205,68
31206,76
31207,82
31208,68
31209,80
31210,66
31211,97
31212,72
31213,77
31214,76
31215,64
31216,68
31217,74
31218,67
31219,64
31220,77
31221,70
31222,74
31223,77
31224,80
31225,72
31226,77
31227,97
31228,77
31229,78
31230,64
31231,67
31232,68
31233,5
31234,68
31235,64
31236,84
31237,68
31238,80
31239,70
31240,68
31241,76
31242,78
31243,80
31244,68
31245,66
31246,72
31247,77
31248,67
31249,97
31250,72
31251,75
31252,64
31253,64
31254,72
31255,79
31256,77
31257,68
31258,74
31259,72
31260,64
31261,76
31262,86
31263,75
31264,83
31265,86
31266,68
31267,80
31268,64
31269,83
31270,67
31271,68
31272,68
31273,75
31274,72
31275,68
31276,64
31277,78
31278,68
31279,82
31280,66
31281,77
31282,75
31283,77
31284,64
31285,68
31286,74
31287,82
31288,68
31289,80
31290,68
31291,68
31292,77
31293,74
31294,64
31295,65
31296,68
31297,77
31298,75
31299,64
31300,81
31301,74
31302,64
31303,80
31304,76
31305,64
31306,68
31307,82
31308,68
31309,97
31310,68
31311,67
31312,72
31313,80
31314,64
31315,7
31316,68
31317,68
31318,72
31319,67
31320,66
31321,64
31322,70
31323,74
31324,77
31325,74
31326,72
31327,77
31328,97
31329,77
31330,78
31331,68
31332,68
31333,97
31334,64
31335,67
31336,77
31337,66
31338,77
31339,75
31340,67
31341,64
31342,68
31343,77
31344,67
31345,80
31346,77
31347,68
31348,68
31349,68
31350,68
31351,76
31352,67
31353,64
31354,67
31355,77
31356,64
31357,97
31358,64
31359,97
31360,77
31361,64
31362,86
31363,68
31364,72
31365,81
31366,5
31367,68
31368,82
31369,83
31370,83
31371,72
31372,68
31373,97
31374,97
31375,68
31376,76
31377,76
31378,82
31379,72
31380,66
31381,74
31382,64
31383,81
31384,67
31385,64
31386,68
31387,68
31388,67
31389,66
31390,64
31391,97
31392,77
31393,97
31394,64
31395,67
31396,68
31397,64
31398,66
31399,72
31400,77
31401,5
31402,81
31403,82
31404,97
31405,97
31406,68
31407,76
31408,68
31409,97
31410,68
31411,68
31412,83
31413,68
31414,76
31415,82
31416,77
31417,68
31418,74
31419,64
31420,67
31421,72
31422,75
31423,71
31424,5
31425,68
31426,94
31427,74
31428,67
31429,72
31430,64
31431,5
31432,64
31433,75
31434,72
31435,76
31436,68
31437,64
31438,82
31439,68
31440,86
31441,64
31442,64
31443,86
31444,72
31445,72
31446,68
31447,64
31448,64
31449,66
31450,68
31451,68
31452,97
31453,64
31454,67
31455,64
31456,76
31457,77
31458,80
31459,72
31460,77
44735,82
44736,68
44737,68
44738,66
44739,68
44740,97
44741,22
44742,82
44743,66
44744,97
44745,64
44746,64
44747,79
44748,83
44749,72
44750,65
44751,78
44752,80
44753,68
44754,80
44755,68
44756,66
44757,72
44758,68
44759,86
44760,67
44761,68
44762,97
44763,68
44764,83
44765,68
44766,81
44767,78
44768,77
44769,80
44770,86
44771,97
44772,97
44773,64
44774,64
44775,67
44776,68
44777,97
44778,74
44779,77
44780,80
44781,72
44782,77
44783,67
44784,64
44785,84
44786,72
44787,97
44788,64
44789,5
44790,77
44791,84
44792,77
44793,68
44794,76
44795,82
44796,64
44797,74
44798,75
44799,64
44800,76
44801,68
44802,80
44803,64
44804,78
44805,80
44806,77
44807,83
44808,77
44809,59
44810,67
44811,68
44812,97
44813,80
44814,68
44815,66
44816,71
44817,83
44818,80
44819,82
44820,67
44821,68
44822,82
44823,83
44824,72
44825,83
44826,97
44827,72
44828,77
44829,64
44830,77
44831,68
44832,83
44833,68
44834,64
44835,97
44836,76
44837,77
44838,77
44839,68
44840,97
44841,77
44842,66
44843,64
44844,80
44845,72
44846,68
44847,81
44848,75
44849,68
44850,97
44851,83
44852,68
44853,80
44854,64
44855,75
44856,68
44857,72
44858,77
44859,76
44860,76
44861,76
44862,97
44863,66
44864,64
44865,72
44866,97
44867,86
44868,5
44869,66
44870,97
44871,76
44872,68
44873,72
44874,24
44875,77
44876,80
44877,68
44878,86
44879,67
44880,68
44881,74
44882,77
44883,81
44884,66
44885,72
44886,68
44887,68
44888,77
44889,81
44890,76
44891,68
44892,64
44893,68
44894,77
44895,80
44896,80
44897,77
44898,66
44899,68
44900,97
44901,68
44902,78
44903,77
44904,80
44905,77
44906,68
44907,67
44908,68
44909,6
44910,64
44911,72
44912,80
44913,75
44914,72
44915,81
44916,75
44917,72
44918,97
44919,68
44920,80
44921,72
44922,64
44923,72
44924,5
44925,97
44926,66
44927,80
44928,72
44929,80
44930,75
44931,72
44932,81
44933,67
44934,64
44935,64
44936,83
44937,68
44938,72
44939,64
44940,64
44941,80
44942,76
44943,77
44944,80
44945,81
44946,68
44947,75
44948,64
44949,97
44950,64
44951,72
44952,68
44953,77
44954,66
44955,83
44956,74
44957,78
44958,64
44959,67
44960,68
44961,64
44962,64
44963,97
44964,68
44965,66
44966,68
44967,67
44968,77
44969,97
44970,72
44971,83
44972,72
44973,83
44974,68
44975,78
44976,77
44977,80
44978,65
44979,72
44980,68
44981,77
44982,68
44983,82
44984,77
44985,75
44986,66
44987,68
44988,76
44989,82
44990,72
44991,68
44992,64
44993,76
44994,68
44995,68
44996,67
44997,68
44998,64
44999,80
45000,78
45001,68
45002,68
45003,77
45004,64
45005,67
45006,77
45007,86
45008,86
45009,77
45010,75
45011,80
45012,97
45013,68
45014,82
45015,64
45016,65
45017,74
45018,68
45019,68
45020,66
45021,64
45022,72
45023,76
45024,97
45025,68
45026,76
45027,68
45028,82
45029,64
45030,68
45031,64
45032,72
45033,77
45034,67
45035,68
45036,68
45037,74
45038,75
45039,64
45040,76
45041,68
45042,80
45043,64
45044,76
45045,68
45046,77
45047,68
45048,83
45049,81
45050,64
45051,64
45052,68
45053,80
45054,72
45055,64
45056,81
45057,67
45058,75
45059,77
45060,72
45061,68
45062,66
45063,85
45064,64
45065,67
45066,68
45067,81
45068,97
45069,5
45070,66
45071,75
45072,77
45073,97
45074,97
45075,68
45076,68
45077,97
45078,66
45079,76
45080,86
45081,68
45082,80
45083,68
45084,80
45085,64
45086,97
45087,68
45088,74
45089,97
45090,72
45091,82
45092,67
45093,80
45094,5
45095,76
45096,77
45097,64
45098,65
45099,64
45100,97
45101,77
45102,64
45103,75
45104,68
45105,64
45106,80
45107,68
45108,80
45109,80
45110,64
45111,80
45112,67
45113,68
45114,72
45115,74
45116,77
45117,81
45118,74
45119,64
45120,77
45121,68
45122,68
45123,83
45124,68
45125,80
45126,68
45127,75
45128,78
45129,83
45130,68
45131,75
45132,72
45133,64
45134,82
45135,64
45136,76
45137,67
45138,97
45139,64
45140,97
45141,64
45142,75
45143,68
45144,76
45145,72
45146,68
45147,80
45148,75
45149,72
45150,68
45151,68
45152,64
45153,74
45154,64
45155,81
45156,76
45157,83
45158,74
45159,76
45160,64
45161,81
45162,67
45163,68
45164,75
45165,80
45166,78
45167,68
45168,66
45169,66
45170,64
45171,67
45172,77
45173,81
45174,5
45175,64
45176,72
45177,68
45178,64
45179,64
45180,97
45181,77
45182,64
45183,68
45184,64
45185,97
45186,64
45187,68
45188,77
45189,67
45190,64
45191,67
45192,67
45193,68
45194,68
45195,67
45196,66
45197,86
45198,67
45199,64
45200,67
45201,76
45202,72
45203,68
45204,97
45205,77
45206,80
45207,25
45208,68
45209,83
45210,77
45211,64
45212,72
45213,77
45214,82
45215,64
45216,80
45217,67
45218,68
45219,68
45220,64
45221,64
45222,77
45223,74
45224,77
45225,64
45226,64
45227,83
45228,68
45229,97
45230,68
45231,68
45232,83
45233,83
45234,68
45235,74
45236,75
45237,68
45238,68
45239,68
45240,68
45241,72
45242,64
45243,68
45244,68
45245,82
45246,82
45247,67
45248,68
45249,82
45250,83
45251,71
45252,68
45253,80
45254,5
45255,64
45256,76
45257,64
45258,68
45259,64
45260,97
45261,64
45262,80
45263,64
45264,76
45265,64
45266,80
45267,76
45268,68
45269,97
45270,68
45271,97
45272,72
45273,97
45274,64
45275,72
45276,74
45277,68
45278,80
45279,77
45280,83
45281,68
45282,97
45283,80
45284,77
45285,81
45286,75
45287,72
45288,83
45289,78
45290,64
45291,80
45292,68
45293,66
45294,77
45295,97
45296,83
45297,67
45298,72
45299,68
45300,68
45301,68
45302,67
45303,68
45304,68
45305,70
45306,80
45307,64
45308,67
45309,68
45310,66
45311,72
45312,75
45313,72
45314,68
45315,76
45316,72
45317,77
45318,76
45319,68
45320,76
45321,83
45322,68
45323,97
45324,80
45325,64
45326,75
45327,64
45328,74
45329,72
45330,66
45331,72
45332,87
45333,5
45334,86
45335,79
45336,83
45337,68
45338,76
45339,68
45340,76
45341,67
45342,77
45343,78
45344,77
45345,80
45346,68
45347,76
45348,82
45349,68
45350,80
45351,77
45352,83
45353,64
45354,82
45355,72
45356,97
45357,97
45358,64
45359,68
45360,68
45361,80
45362,76
45363,83
45364,68
45365,97
45366,80
45367,64
45368,67
45369,68
45370,83
45371,67
45372,64
45373,97
45374,77
45375,75
45376,68
45377,82
45378,72
45379,97
45380,68
45381,66
45382,77
45383,76
45384,70
45385,80
45386,64
45387,76
45388,67
45389,72
45390,97
45391,81
45392,72
45393,75
45394,64
45395,84
45396,77
45397,74
45398,83
45399,82
45400,64
45401,67
45402,68
45403,72
45404,82
45405,72
45406,83
45407,72
45408,76
45409,64
45410,78
45411,68
45412,80
45413,97
45414,77
45415,76
45416,64
45417,5
45418,68
45419,76
45420,74
45421,64
45422,71
45423,83
45424,75
45425,64
45426,72
45427,72
45428,67
45429,64
45430,67
45431,82
45432,68
45433,66
45434,68
45435,64
45436,64
45437,72
45438,64
45439,64
45440,66
45441,66
45442,68
45443,64
45444,64
45445,64
45446,80
45447,64
45448,77
45449,66
45450,82
45451,64
45452,81
45453,67
45454,74
45455,81
45456,68
45457,68
45458,68
45459,64
45460,64
45461,34
45462,76
45463,77
45464,64
45465,77
45466,80
45467,77
45468,74
45469,74
45470,68
45471,76
45472,83
45473,68
45474,97
45475,80
45476,77
45477,68
45478,5
45479,82
45480,72
45481,76
45482,67
45483,83
45484,80
45485,72
45486,72
45487,66
45488,72
45489,68
45490,77
45491,81
45492,82
45493,77
45494,80
45495,75
45496,68
45497,76
45498,81
45499,77
45500,81
45501,5
45502,78
45503,67
45504,75
45505,83
45506,64
45507,64
45508,64
51580,82
51581,97
51582,72
51583,70
51584,64
51585,67
51586,77
51587,76
51588,68
51589,76
51590,68
51591,68
51592,80
51593,68
51594,81
51595,78
51596,82
51597,72
51598,66
51599,72
51600,68
51601,64
51602,75
51603,68
51604,64
51605,83
51606,83
51607,66
51608,76
51609,64
51610,67
51611,81
51612,64
51613,82
51614,82
51615,72
51616,66
51617,67
51618,74
51619,77
51620,81
51621,67
51622,68
51623,74
51624,64
51625,82
51626,68
51627,68
51628,86
51629,82
51630,76
51631,68
51632,81
51633,67
51634,68
51635,74
51636,77
51637,81
51638,77
51639,64
51640,66
51641,80
51642,64
51643,76
51644,64
51645,24
51646,67
51647,82
51648,64
51649,68
51650,74
51651,64
51652,69
51653,70
51654,80
51655,68
51656,97
51657,64
51658,5
51659,76
51660,68
51661,81
51662,75
51663,72
51664,76
51665,5
51666,65
51667,64
51668,78
51669,82
51670,72
51671,97
51672,72
51673,77
51674,5
51675,64
51676,83
51677,68
51678,71
51679,64
51680,81
51681,68
51682,72
51683,64
51684,5
51685,75
51686,74
51687,68
51688,76
51689,72
51690,80
51691,68
51692,80
51693,66
51694,72
51695,64
51696,76
51697,78
51698,77
51699,80
51700,79
51701,83
51702,68
51703,67
51704,68
51705,97
51706,77
51707,77
51708,64
51709,77
51710,77
51711,64
51712,80
51713,82
51714,72
51715,64
51716,68
51717,83
51718,64
51719,80
51720,83
51721,68
51722,68
51723,68
51724,57
51725,67
51726,77
51727,79
51728,83
51729,68
51730,76
51731,80
51732,68
51733,68
51734,72
51735,72
51736,70
51737,64
51738,64
51739,80
51740,68
51741,66
51742,68
51743,97
51744,72
51745,82
51746,74
51747,77
51748,81
51749,68
51750,67
51751,68
51752,74
51753,68
51754,81
51755,67
51756,68
51757,75
51758,64
51759,81
51760,77
51761,64
51762,66
51763,80
51764,64
51765,68
51766,68
51767,76
51768,82
51769,77
51770,81
51771,5
51772,67
51773,72
51774,64
51775,68
51776,77
51777,68
51778,74
51779,97
51780,68
51781,74
51782,68
51783,97
51784,68
51785,82
51786,80
51787,68
51788,70
51789,64
51790,67
51791,77
51792,64
51793,97
51794,64
51795,64
51796,68
51797,80
51798,74
51799,77
51800,64
51801,83
51802,82
51803,68
51804,64
51805,76
51806,80
51807,77
51808,74
51809,77
51810,81
51811,79
51812,83
51813,72
51814,68
51815,80
51816,68
51817,80
51818,68
51819,97
51820,66
51821,68
51822,64
51823,72
51824,80
51825,77
51826,81
51827,68
51828,74
51829,97
51830,64
51831,75
51832,68
51833,68
51834,5
51835,68
51836,64
51837,77
51838,80
51839,76
51840,64
51841,72
51842,64
51843,80
51844,80
51845,66
51846,68
51847,76
51848,97
51849,83
51850,83
51851,64
51852,64
51853,83
51854,64
51855,74
51856,64
51857,78
51858,7
51859,72
51860,72
51861,76
51862,64
51863,7
51864,68
51865,67
51866,7
51867,68
51868,72
51869,82
51870,68
51871,68
51872,79
51873,83
51874,68
51875,68
51876,83
51877,64
51878,74
51879,79
51880,72
51881,72
51882,68
51883,66
51884,66
51885,68
51886,68
51887,68
51888,64
51889,72
51890,64
51891,76
51892,72
51893,68
51894,77
51895,80
51896,78
51897,74
51898,68
51899,83
51900,68
51901,68
51902,77
51903,79
51904,83
51905,68
51906,97
51907,68
51908,64
51909,5
51910,68
51911,97
51912,64
51913,77
51914,65
51915,74
51916,72
51917,70
51918,64
51919,67
51920,77
51921,64
51922,6
51923,66
51924,80
51925,68
51926,68
51927,64
51928,78
51929,74
51930,68
51931,66
51932,72
51933,82
51934,64
51935,76
51936,68
51937,76
51938,82
51939,68
51940,81
51941,64
51942,77
51943,68
51944,76
51945,80
51946,72
51947,77
51948,81
51949,72
51950,77
51951,74
51952,77
51953,79
51954,83
51955,68
51956,64
51957,64
51958,64
51959,72
51960,83
51961,97
51962,72
51963,66
51964,72
51965,64
51966,70
51967,77
51968,83
51969,72
51970,68
51971,80
51972,68
51973,64
51974,68
51975,74
51976,76
51977,75
51978,66
51979,77
51980,64
51981,86
51982,80
51983,72
51984,68
51985,68
51986,81
51987,84
51988,68
51989,77
51990,74
51991,77
51992,74
51993,77
51994,68
51995,67
51996,72
51997,83
51998,68
51999,97
52000,68
52001,64
52002,72
52003,64
52004,71
52005,75
52006,82
52007,80
52008,68
52009,81
52010,78
52011,68
52012,80
52013,97
52014,64
52015,76
52016,64
52017,81
52018,36
52019,64
52020,67
52021,82
52022,68
52023,68
52024,67
52025,72
52026,72
52027,77
52028,5
52029,80
52030,68
52031,78
52032,72
52033,66
52034,68
52035,82
52036,64
52037,82
52038,64
52039,76
52040,67
52041,77
52042,5
52043,79
52044,83
52045,68
52046,68
52047,77
52048,74
52049,64
52050,76
52051,64
52052,76
52053,64
52054,72
52055,97
52056,81
52057,72
52058,76
52059,72
52060,68
52061,72
52062,76
52063,68
52064,76
52065,6
52066,74
52067,68
52068,72
52069,82
52070,82
52071,72
52072,76
52073,72
52074,67
52075,64
52076,67
52077,5
52078,86
52079,64
52080,79
52081,72
52082,68
52083,72
52084,68
52085,77
52086,68
52087,64
52088,80
52089,82
52090,72
52091,66
52092,76
52093,74
52094,77
52095,68
52096,67
52097,68
52098,74
52099,68
52100,77
52101,68
52102,68
52103,78
52104,83
52105,68
52106,74
52107,64
52108,72
52109,64
52110,68
52111,97
52112,64
52113,78
52114,64
52115,80
52116,82
52117,74
52118,66
52119,83
52120,68
52121,64
52122,80
52123,80
52124,68
52125,76
52126,82
52127,68
52128,97
52129,77
52130,74
52131,68
52132,76
52133,72
52134,83
52135,76
52136,5
52137,64
52138,76
52139,64
52140,68
52141,77
52142,66
52143,68
52144,74
52145,64
52146,64
52147,76
52148,66
52149,64
52150,68
52151,76
52152,64
52153,66
52154,72
52155,68
52156,68
52157,64
52158,68
52159,64
52160,74
52161,72
52162,83
52163,72
52164,67
52165,64
52166,67
52167,68
52168,76
52169,83
52170,68
52171,68
52172,66
52173,68
52174,80
52175,97
52176,68
52177,64
52178,80
52179,80
52180,80
52181,68
52182,67
52183,72
52184,64
52185,64
52186,86
52187,22
52188,97
52189,66
52190,68
52191,76
52192,97
52193,77
52194,76
52195,67
52196,68
52197,24
52198,83
52199,80
52200,72
52201,97
52202,77
52203,76
52204,80
52205,81
52206,68
52207,68
52208,67
52209,68
52210,78
52211,81
52212,80
52213,86
52214,72
52215,83
52216,84
52217,68
52218,76
52219,72
52220,67
52221,64
52222,64
52223,72
52224,72
52225,76
52226,64
52227,80
52228,80
52229,72
52230,68
52231,76
52232,77
52233,81
52234,86
52235,97
52236,64
52237,66
52238,68
52239,68
52240,77
52241,82
52242,86
52243,74
52244,77
52245,81
52246,67
52247,68
52248,75
52249,64
52250,81
52251,68
52252,97
52253,64
52254,77
52255,65
52256,74
52257,72
52258,70
52259,64
52260,76
52261,77
52262,64
52263,66
52264,80
52265,68
52266,68
52267,82
52268,72
52269,80
52270,78
52271,74
52272,68
52273,72
52274,68
52275,80
52276,64
52277,75
52278,68
52279,82
52280,68
52281,76
52282,64
52283,68
52284,77
52285,72
52286,68
52287,76
52288,77
52289,76
52290,97
52291,68
52292,70
52293,68
52294,74
52295,64
52296,68
52297,64
52298,68
52299,72
52300,67
52301,72
52302,67
52303,68
52304,68
52305,68
52306,64
52307,77
52308,78
52309,68
52310,80
52311,72
52312,77
52313,80
52314,64
52315,81
52316,5
52317,66
52318,77
52319,68
52320,68
52321,74
52322,77
52323,67
52324,72
52325,68
52326,68
52327,81
52328,7
52329,64
52330,71
52331,77
52332,7
52333,80
52334,7
52335,68
52336,7
52337,79
52338,72
52339,68
52340,82
52341,64
52342,80
52343,82
52344,5
52345,80
52346,70
52347,75
52348,86
52349,82
52350,80
52351,68
52352,64
52353,82
52354,77
52355,97
52356,77
52357,74
52358,77
52359,97
52360,74
52361,64
52362,68
52363,72
52364,80
52365,64
52366,68
52367,80
52368,64
52369,74
52370,68
52371,97
52372,76
52373,68
52374,80
52375,68
52376,68
52377,7
52378,77
52379,97
52380,80
52381,7
52382,76
52383,72
52384,68
52385,72
52386,68
52387,74
52388,80
52389,68
52390,80
52391,74
52392,67
52393,97
52394,76
52395,77
52396,76
52397,72
52398,72
52399,64
52400,7
52401,67
52402,66
52403,97
52404,68
52405,82
52406,64
52407,72
52408,76
52409,68
52410,68
52411,80
52412,77
52413,97
52414,76
52415,68
52416,66
52417,64
52418,78
52419,7
52420,68
52421,7
52422,80
52423,68
52424,97
52425,68
52426,80
52427,68
52428,64
52429,68
52430,80
52431,67
52432,77
52433,74
52434,77
52435,5
52436,78
52437,77
52438,80
52439,68
52440,97
52441,64
52442,81
52443,82
52444,64
52445,74
52446,64
52447,67
52448,64
52449,64
52450,72
52451,71
52452,72
52453,68
52454,83
52455,74
52456,64
52457,64
52458,68
52459,7
52460,80
52461,97
52462,68
52463,74
52464,72
52465,68
52466,67
52467,97
52468,64
52469,80
52470,72
52471,97
52472,68
52473,76
52474,97
52475,68
52476,30
52477,75
52478,68
52479,68
52480,74
52481,72
52482,72
52483,83
52484,81
